,frame,height,width,left_iris_x,left_iris_y,left_iris_r,right_iris_x,right_iris_y,right_iris_r,left_pupil_x,left_pupil_y,left_pupil_r,right_pupil_x,right_pupil_y,right_pupil_r,gaze_x,gaze_y,gaze_z
0,0,480,640,,,,389.0,265.0,6.0,,,,385.0,268.0,1.0,1.40604207889833,12.834641383036539,-2.2453886774451552
1,1,480,640,455.0,273.0,5.0,388.0,265.0,6.0,457.0,269.0,1.0,385.0,267.0,2.0,0.21894931257903885,13.611126437685721,-2.4075473337833353
2,2,480,640,460.0,277.0,5.0,395.0,270.0,6.0,461.0,276.0,0.0,390.0,270.0,1.0,-0.3987157883261645,12.96670045150951,-2.501786619682534
3,3,480,640,469.0,282.0,4.0,407.0,276.0,5.0,468.0,278.0,1.0,403.0,279.0,1.0,-0.5005378439438505,11.67774993808919,-2.7775065732018325
4,4,480,640,474.0,285.0,4.0,409.0,278.0,6.0,472.0,282.0,1.0,404.0,281.0,2.0,-0.5797667214693801,12.041983754086253,-2.6772831602192886
5,5,480,640,478.0,291.0,5.0,412.0,283.0,6.0,474.0,286.0,0.0,408.0,286.0,2.0,-1.3559910411304905,12.79645553788082,-2.7230229136126933
6,6,480,640,477.0,295.0,5.0,419.0,290.0,5.0,477.0,290.0,1.0,416.0,293.0,1.0,-2.3111549865322005,12.97755573782885,-2.6660744605141313
7,7,480,640,480.0,297.0,4.0,421.0,293.0,6.0,477.0,293.0,1.0,417.0,295.0,1.0,-1.9039919409532626,12.102758686439623,-2.890249677908376
8,8,480,640,481.0,297.0,5.0,421.0,293.0,6.0,482.0,293.0,1.0,417.0,296.0,2.0,-2.3216390523212946,11.952715660965069,-2.652365882575324
9,9,480,640,484.0,298.0,6.0,425.0,294.0,6.0,485.0,294.0,1.0,422.0,298.0,1.0,-2.4730012271389636,11.955361597789842,-2.833396316474445
10,10,480,640,487.0,299.0,5.0,429.0,295.0,5.0,487.0,296.0,2.0,426.0,299.0,1.0,-1.8010208592847752,12.170926924539778,-2.6959924230456878
11,11,480,640,490.0,299.0,5.0,438.0,296.0,5.0,490.0,297.0,1.0,439.0,299.0,1.0,-1.9767755759463261,12.879781880521366,-2.9543984551281834
12,12,480,640,492.0,299.0,5.0,432.0,294.0,6.0,490.0,297.0,2.0,428.0,297.0,1.0,-1.1307406387351098,11.949191551000228,-2.789503823834229
13,13,480,640,494.0,301.0,5.0,432.0,295.0,6.0,491.0,298.0,1.0,429.0,298.0,1.0,-2.5332132862892682,12.906875425423092,-2.510454604880227
14,14,480,640,495.0,303.0,5.0,434.0,296.0,5.0,492.0,299.0,1.0,430.0,298.0,1.0,-2.108513762432491,13.011732265261346,-2.757232361084889
15,15,480,640,496.0,304.0,5.0,437.0,298.0,6.0,493.0,300.0,1.0,434.0,302.0,1.0,-1.802994141864045,13.486322064350219,-2.529744110187372
16,16,480,640,496.0,304.0,5.0,436.0,298.0,6.0,493.0,302.0,1.0,432.0,301.0,1.0,-2.513046655555886,13.308228529872554,-2.4803446546896906
17,17,480,640,497.0,306.0,5.0,437.0,299.0,6.0,494.0,303.0,2.0,433.0,302.0,2.0,-2.324971309323631,13.181180773192676,-2.7250083865488235
18,18,480,640,498.0,308.0,5.0,444.0,304.0,5.0,495.0,305.0,1.0,447.0,305.0,1.0,-0.9805391716877567,13.369651305592551,-2.8868775578756107
19,19,480,640,497.0,309.0,5.0,443.0,304.0,5.0,494.0,305.0,1.0,446.0,306.0,1.0,-1.671143932621366,13.384189079685505,-2.6428342860950487
20,20,480,640,497.0,308.0,5.0,442.0,303.0,6.0,494.0,306.0,1.0,445.0,306.0,1.0,-2.562408105162075,13.199374106737714,-2.5785096101774037
21,21,480,640,498.0,309.0,5.0,442.0,304.0,6.0,495.0,305.0,1.0,445.0,306.0,1.0,-2.9492804840985234,13.267699005216267,-2.5147794409618425
22,22,480,640,498.0,309.0,5.0,439.0,303.0,6.0,496.0,305.0,1.0,436.0,307.0,1.0,-2.1647138517385134,13.733960691682302,-2.572063819263203
23,23,480,640,497.0,309.0,5.0,434.0,301.0,6.0,494.0,305.0,1.0,430.0,304.0,1.0,-2.057765449637922,13.279058102866786,-2.5048613601331926
24,24,480,640,495.0,308.0,5.0,442.0,306.0,6.0,494.0,305.0,2.0,443.0,307.0,1.0,-1.382753206887474,13.272359437009133,-2.9430125394463227
25,25,480,640,494.0,308.0,5.0,440.0,306.0,5.0,494.0,305.0,2.0,443.0,307.0,1.0,-1.839515740218359,13.31258075827755,-2.8501383737359864
26,26,480,640,492.0,307.0,5.0,432.0,303.0,6.0,494.0,304.0,1.0,428.0,306.0,2.0,-3.7280773973211283,12.524895213844736,-2.5911174327057496
27,27,480,640,492.0,306.0,5.0,432.0,302.0,6.0,493.0,302.0,1.0,428.0,304.0,2.0,-2.9833288851058866,12.574705774206883,-2.8047399328927662
28,28,480,640,492.0,305.0,5.0,433.0,302.0,6.0,492.0,303.0,1.0,429.0,305.0,1.0,-2.56539632515494,12.033313274156038,-2.716692360697504
29,29,480,640,490.0,307.0,5.0,435.0,302.0,6.0,491.0,305.0,1.0,431.0,306.0,1.0,-2.2348126659148235,13.322434926834813,-2.7202179968491196
30,30,480,640,491.0,307.0,5.0,434.0,300.0,6.0,492.0,303.0,1.0,431.0,304.0,1.0,-2.228606875323885,13.561789034998897,-2.6550535314305854
31,31,480,640,491.0,303.0,5.0,439.0,300.0,5.0,489.0,302.0,2.0,441.0,302.0,1.0,-3.0473580226522765,14.063921628710775,-2.51420623693066
32,32,480,640,493.0,304.0,5.0,436.0,300.0,5.0,490.0,300.0,1.0,439.0,303.0,1.0,-2.579974112597625,13.9632135695525,-2.4404857789556256
33,33,480,640,492.0,303.0,5.0,432.0,296.0,6.0,489.0,302.0,0.0,427.0,299.0,1.0,-3.2884922468383055,13.52798815369132,-2.216757598009071
34,34,480,640,491.0,302.0,5.0,431.0,294.0,6.0,489.0,298.0,1.0,429.0,298.0,2.0,-3.0925832419945087,12.997751572237481,-2.33436892500749
35,35,480,640,491.0,301.0,5.0,430.0,293.0,5.0,489.0,297.0,0.0,426.0,296.0,1.0,-2.5248510518546587,12.641772077845664,-2.4889771103448957
36,36,480,640,489.0,301.0,4.0,428.0,292.0,6.0,486.0,297.0,0.0,424.0,296.0,1.0,-3.16507292013531,13.273326671196799,-2.342232579988719
37,37,480,640,489.0,300.0,4.0,426.0,290.0,6.0,486.0,296.0,0.0,422.0,294.0,1.0,-2.5063885526425054,12.476459669898883,-2.453547098501117
38,38,480,640,488.0,300.0,5.0,427.0,291.0,6.0,487.0,298.0,0.0,423.0,295.0,1.0,-2.3770442501819353,12.635557459069261,-2.4978280338966012
39,39,480,640,490.0,300.0,5.0,427.0,292.0,5.0,488.0,296.0,0.0,424.0,295.0,1.0,-3.358644874152221,12.837088888289554,-2.365011334946897
40,40,480,640,488.0,299.0,4.0,426.0,291.0,5.0,485.0,297.0,0.0,422.0,294.0,1.0,-2.4918764022515054,12.08186231708296,-2.47070589334216
41,41,480,640,488.0,300.0,5.0,426.0,292.0,6.0,486.0,296.0,0.0,423.0,296.0,1.0,-3.19721096036479,12.181136378617351,-2.287177039129827
42,42,480,640,488.0,300.0,4.0,423.0,291.0,6.0,485.0,296.0,0.0,420.0,295.0,1.0,-2.5464388463288166,12.296897675788175,-2.3969891548095883
43,43,480,640,486.0,300.0,5.0,425.0,292.0,6.0,484.0,296.0,0.0,421.0,295.0,1.0,-2.0012769863788122,12.200902999199219,-2.5348340116589196
44,44,480,640,487.0,300.0,5.0,425.0,293.0,5.0,485.0,296.0,0.0,422.0,296.0,1.0,-2.2601327305328787,12.665309085798754,-2.328951080839172
45,45,480,640,484.0,298.0,4.0,424.0,292.0,5.0,484.0,295.0,2.0,420.0,295.0,1.0,-2.9375714579325956,12.705062836347393,-2.280612094816033
46,46,480,640,485.0,299.0,4.0,425.0,291.0,5.0,482.0,295.0,0.0,421.0,295.0,1.0,-3.1689753029204724,12.75977797899394,-2.3729910122274074
47,47,480,640,482.0,298.0,5.0,420.0,290.0,6.0,480.0,294.0,0.0,416.0,293.0,1.0,-3.3467593153068713,13.189322227494902,-2.2091244024573324
48,48,480,640,477.0,295.0,5.0,422.0,292.0,5.0,478.0,294.0,1.0,422.0,295.0,2.0,-3.3560124873199615,12.083175900986298,-2.5657878126159073
49,49,480,640,477.0,296.0,5.0,423.0,292.0,6.0,479.0,294.0,0.0,425.0,296.0,2.0,-2.3763478229567943,12.083453957671168,-2.700689329109526
50,50,480,640,477.0,295.0,5.0,419.0,291.0,6.0,479.0,293.0,1.0,416.0,295.0,1.0,-2.722647442378858,12.324836610875648,-2.5526333591074697
51,51,480,640,475.0,293.0,6.0,417.0,291.0,5.0,477.0,295.0,1.0,413.0,295.0,1.0,-3.116578992708491,12.322947826208992,-2.50676272478175
52,52,480,640,475.0,294.0,6.0,418.0,290.0,5.0,475.0,296.0,2.0,414.0,294.0,1.0,-2.6851393986241483,12.029320904738887,-2.555786057879511
53,53,480,640,477.0,296.0,5.0,418.0,290.0,5.0,478.0,292.0,2.0,414.0,294.0,1.0,-2.8959871360187646,12.490803605319684,-2.427440712929345
54,54,480,640,476.0,297.0,5.0,418.0,289.0,5.0,477.0,294.0,1.0,418.0,287.0,4.0,-3.272599315836841,11.678438952213297,-2.475905586283481
55,55,480,640,477.0,295.0,5.0,418.0,291.0,5.0,476.0,294.0,0.0,414.0,295.0,1.0,-3.974005145291139,12.672204206671369,-2.223204328902133
56,56,480,640,477.0,296.0,5.0,417.0,291.0,5.0,477.0,294.0,1.0,413.0,295.0,1.0,-3.689765558874259,12.072521010510432,-2.351037019460025
57,57,480,640,478.0,297.0,5.0,418.0,291.0,5.0,476.0,293.0,0.0,414.0,295.0,1.0,-2.499522104173929,11.955759235076176,-2.4886624620533473
58,58,480,640,477.0,296.0,5.0,412.0,288.0,6.0,477.0,292.0,0.0,408.0,291.0,2.0,-2.494128504645877,12.34478104671524,-2.3743619781891367
59,59,480,640,474.0,295.0,5.0,417.0,288.0,6.0,475.0,292.0,0.0,415.0,292.0,1.0,-2.6130919960313643,12.412167826483847,-2.4508477566960902
60,60,480,640,473.0,293.0,5.0,416.0,288.0,5.0,474.0,292.0,0.0,412.0,290.0,1.0,-3.376843243197048,13.228053258952913,-2.3174526747526176
61,61,480,640,471.0,294.0,5.0,415.0,287.0,5.0,472.0,295.0,1.0,411.0,289.0,1.0,-2.5039240770907374,12.213452036852889,-2.5044423750683857
62,62,480,640,473.0,293.0,5.0,414.0,286.0,5.0,474.0,292.0,0.0,410.0,289.0,1.0,-2.7678071824178425,13.21461891531517,-2.2981573569274247
63,63,480,640,472.0,292.0,5.0,413.0,285.0,6.0,472.0,292.0,0.0,409.0,288.0,1.0,-2.1367486217657246,11.988084645790881,-2.532261278333087
64,64,480,640,472.0,292.0,5.0,416.0,286.0,6.0,472.0,291.0,1.0,412.0,290.0,1.0,-2.3818861532075366,12.243826048336091,-2.4105967877784984
65,65,480,640,470.0,292.0,5.0,411.0,284.0,6.0,470.0,294.0,0.0,407.0,287.0,1.0,-1.989895673265868,11.91568795060927,-2.451350897830553
66,66,480,640,470.0,293.0,5.0,412.0,285.0,5.0,471.0,292.0,0.0,408.0,289.0,1.0,-2.5889737478311945,12.004009154811483,-2.3886834837648347
67,67,480,640,469.0,292.0,5.0,414.0,286.0,5.0,469.0,295.0,1.0,410.0,290.0,1.0,-2.5629066510164176,12.9212951697503,-2.2605008791194785
68,68,480,640,472.0,293.0,5.0,410.0,285.0,6.0,473.0,290.0,0.0,406.0,289.0,1.0,-1.9093923969398405,10.9731594607751,-2.54097747723496
69,69,480,640,470.0,293.0,5.0,411.0,287.0,6.0,470.0,292.0,0.0,406.0,290.0,2.0,-2.33408584838378,12.210442429068742,-2.398002351683162
70,70,480,640,470.0,292.0,5.0,412.0,286.0,6.0,470.0,291.0,0.0,408.0,289.0,1.0,-2.384923816585857,12.511427163260953,-2.3592731531844224
71,71,480,640,469.0,292.0,5.0,410.0,285.0,6.0,469.0,292.0,0.0,406.0,288.0,1.0,-2.083248587497177,12.259874533964004,-2.4111950731750516
72,72,480,640,468.0,293.0,5.0,411.0,285.0,6.0,468.0,292.0,0.0,406.0,288.0,1.0,-2.384783926180061,12.79463101484624,-2.3960356371789753
73,73,480,640,468.0,291.0,5.0,411.0,285.0,5.0,468.0,293.0,0.0,407.0,288.0,1.0,-2.4348824215785583,12.638526170262168,-2.4150748490488616
74,74,480,640,468.0,292.0,5.0,410.0,285.0,6.0,468.0,291.0,0.0,406.0,288.0,1.0,-1.9321697549207575,12.171830152514014,-2.5479369099138114
75,75,480,640,467.0,292.0,5.0,410.0,284.0,6.0,468.0,291.0,0.0,407.0,288.0,1.0,-2.6110883911135794,12.655916628236579,-2.345468136884242
76,76,480,640,468.0,291.0,5.0,411.0,284.0,6.0,467.0,290.0,0.0,408.0,288.0,1.0,-2.6587372663220394,13.14931288102142,-2.3755387317218895
77,77,480,640,468.0,290.0,5.0,407.0,283.0,5.0,468.0,290.0,1.0,403.0,286.0,1.0,-3.0536426198034916,13.156606371407884,-2.283911268438546
78,78,480,640,,,,405.0,282.0,6.0,,,,402.0,285.0,1.0,-2.8267957766498077,11.911943983367538,-2.285142724417376
79,79,480,640,466.0,290.0,5.0,403.0,281.0,6.0,466.0,289.0,0.0,399.0,284.0,2.0,-2.3858905849556855,12.845925204091145,-2.2085719609708017
80,80,480,640,467.0,290.0,5.0,405.0,281.0,6.0,465.0,289.0,1.0,402.0,285.0,1.0,-2.8143332038041535,12.246955558069926,-2.3010881096669507
81,81,480,640,466.0,290.0,5.0,407.0,283.0,5.0,466.0,289.0,0.0,403.0,286.0,1.0,-2.2835290636924976,11.68416430391021,-2.3829994500516323
82,82,480,640,465.0,291.0,5.0,409.0,285.0,6.0,465.0,291.0,1.0,407.0,289.0,2.0,-2.869775392773353,11.126741110084012,-2.327566517559032
83,83,480,640,465.0,290.0,5.0,410.0,288.0,6.0,467.0,290.0,1.0,409.0,292.0,2.0,-3.4324856388230804,11.942644646384682,-2.160107668397281
84,84,480,640,464.0,289.0,5.0,405.0,288.0,5.0,465.0,292.0,1.0,402.0,292.0,1.0,-2.9117416934728335,12.29440318537125,-2.296757376763168
85,85,480,640,464.0,289.0,5.0,404.0,288.0,6.0,465.0,292.0,1.0,401.0,292.0,1.0,-3.001484783930115,11.991636294036674,-2.295196005479777
86,86,480,640,463.0,289.0,5.0,406.0,289.0,6.0,465.0,291.0,1.0,402.0,292.0,1.0,-2.493761547514358,11.787115035439973,-2.4450332990350003
87,87,480,640,464.0,288.0,5.0,405.0,286.0,5.0,465.0,289.0,2.0,401.0,290.0,1.0,-3.1435580067817663,12.406710061603592,-2.395167980548106
88,88,480,640,465.0,289.0,5.0,405.0,285.0,5.0,462.0,291.0,0.0,401.0,289.0,1.0,-3.1132636142930648,12.375057259478437,-2.3519407588512578
89,89,480,640,464.0,289.0,5.0,403.0,284.0,6.0,463.0,289.0,2.0,399.0,288.0,1.0,-3.3159545640620096,12.329003347718178,-2.299420726916611
90,90,480,640,463.0,288.0,5.0,406.0,283.0,5.0,463.0,288.0,1.0,402.0,287.0,1.0,-2.6287847140712106,11.733201430959518,-2.484928834369735
91,91,480,640,462.0,287.0,5.0,404.0,282.0,5.0,460.0,288.0,0.0,401.0,286.0,1.0,-2.9859417144132068,12.465387344022286,-2.3351707789757876
92,92,480,640,464.0,287.0,5.0,402.0,280.0,5.0,462.0,287.0,0.0,398.0,284.0,1.0,-3.193428917232955,11.906154915412435,-2.1738088298555187
93,93,480,640,462.0,287.0,5.0,400.0,280.0,5.0,460.0,287.0,0.0,396.0,284.0,1.0,-3.9093801398665664,12.23386270279818,-2.074820971252847
94,94,480,640,462.0,289.0,5.0,398.0,282.0,6.0,461.0,288.0,0.0,393.0,285.0,1.0,-3.613851352557841,10.796566230387482,-2.1246764512542735
95,95,480,640,463.0,290.0,5.0,398.0,283.0,6.0,461.0,289.0,0.0,393.0,286.0,1.0,-3.8030371661959195,11.132813618817892,-2.073832570447334
96,96,480,640,463.0,291.0,5.0,399.0,285.0,6.0,461.0,290.0,0.0,394.0,288.0,2.0,-4.340957883030037,11.630718770040563,-1.9658769411846098
97,97,480,640,463.0,291.0,5.0,400.0,285.0,5.0,461.0,290.0,0.0,396.0,288.0,1.0,-4.376064052768447,11.704343199647633,-1.944807898928054
98,98,480,640,464.0,291.0,5.0,399.0,285.0,6.0,462.0,290.0,0.0,394.0,288.0,2.0,-4.295441284173593,11.459854229433533,-2.058088713033866
99,99,480,640,463.0,292.0,5.0,399.0,285.0,6.0,462.0,291.0,0.0,394.0,288.0,2.0,-3.594099870517595,11.565444281088686,-2.1313756290045456
100,100,480,640,464.0,291.0,5.0,401.0,286.0,6.0,462.0,290.0,0.0,396.0,289.0,1.0,-3.810897016668638,11.598713164331826,-2.1649475777887117
101,101,480,640,,,,400.0,285.0,6.0,,,,396.0,288.0,1.0,-3.33912815934024,11.815989665150827,-2.1410459646902207
102,102,480,640,464.0,290.0,5.0,398.0,283.0,6.0,462.0,289.0,0.0,393.0,286.0,2.0,-3.3081857304701447,11.099153954019009,-2.1340200576723825
103,103,480,640,462.0,290.0,5.0,399.0,284.0,6.0,460.0,290.0,0.0,394.0,287.0,1.0,-3.3111938592592005,11.754727150757057,-2.201117404614304
104,104,480,640,462.0,291.0,5.0,395.0,282.0,6.0,460.0,290.0,0.0,390.0,284.0,1.0,-2.735631921393608,10.790720863504239,-2.2437671202351273
105,105,480,640,462.0,290.0,5.0,394.0,282.0,6.0,459.0,289.0,0.0,389.0,284.0,1.0,-3.5391032049503157,11.431013717568986,-2.064122152523877
106,106,480,640,462.0,290.0,5.0,393.0,281.0,6.0,460.0,289.0,0.0,388.0,283.0,1.0,-4.253943500667158,11.746486118150548,-1.8759773555406882
107,107,480,640,463.0,289.0,5.0,394.0,282.0,6.0,461.0,287.0,0.0,389.0,285.0,2.0,-3.311903701887366,11.08508401503613,-2.070602854591483
108,108,480,640,462.0,290.0,5.0,395.0,283.0,6.0,460.0,288.0,0.0,390.0,286.0,2.0,-3.7862162501205683,10.890157205115162,-1.9972967110086182
109,109,480,640,463.0,289.0,5.0,396.0,283.0,6.0,461.0,287.0,0.0,391.0,286.0,1.0,-4.10593985365235,11.358535288690026,-1.9575721346907962
110,110,480,640,461.0,291.0,5.0,398.0,285.0,6.0,459.0,289.0,0.0,394.0,288.0,1.0,-4.604197371978554,11.474283903915927,-1.9148126503946143
111,111,480,640,461.0,291.0,5.0,392.0,283.0,6.0,459.0,289.0,0.0,387.0,285.0,1.0,-4.280418454992564,10.976494592388647,-1.899133778517649
112,112,480,640,461.0,291.0,5.0,391.0,283.0,6.0,459.0,289.0,0.0,387.0,285.0,2.0,-3.8390163376106603,11.099045709852325,-1.9123611030869734
113,113,480,640,458.0,290.0,5.0,394.0,283.0,6.0,456.0,290.0,0.0,389.0,286.0,1.0,-3.872741560968089,12.107333583907183,-1.9323813515208648
114,114,480,640,460.0,288.0,5.0,391.0,282.0,6.0,458.0,288.0,0.0,386.0,285.0,2.0,-3.082326132185269,11.031036637775966,-2.03541867118474
115,115,480,640,460.0,289.0,5.0,390.0,282.0,6.0,457.0,289.0,0.0,385.0,285.0,2.0,-3.876475338860562,11.228662002499904,-1.9760883858489002
116,116,480,640,459.0,286.0,6.0,392.0,284.0,6.0,461.0,285.0,0.0,387.0,287.0,1.0,-3.7137003008788643,10.973751601677355,-2.1456791116678016
117,117,480,640,458.0,286.0,6.0,396.0,285.0,6.0,455.0,290.0,1.0,393.0,289.0,1.0,-3.5250808905350928,11.278037546910369,-2.143838890448404
118,118,480,640,458.0,286.0,6.0,396.0,285.0,5.0,456.0,290.0,1.0,392.0,289.0,1.0,-4.408392732224059,10.971850202216348,-2.039307449381163
119,119,480,640,459.0,286.0,6.0,394.0,283.0,6.0,456.0,288.0,1.0,390.0,287.0,1.0,-4.2214885507896485,10.775446254029939,-2.08123604125863
120,120,480,640,460.0,287.0,5.0,390.0,281.0,7.0,458.0,286.0,2.0,385.0,285.0,2.0,-3.9364524324418566,10.78139376407183,-2.0168478713062243
121,121,480,640,460.0,287.0,5.0,390.0,281.0,6.0,458.0,286.0,2.0,385.0,285.0,1.0,-4.083525854596518,10.972897034404651,-1.99264788305543
122,122,480,640,459.0,288.0,5.0,391.0,283.0,6.0,456.0,288.0,0.0,387.0,286.0,1.0,-4.541785354038243,11.221271008521283,-1.8845401667167139
123,123,480,640,459.0,290.0,5.0,389.0,283.0,6.0,457.0,287.0,0.0,384.0,286.0,2.0,-4.271130815773409,11.37355726946688,-1.9423791570525533
124,124,480,640,458.0,289.0,5.0,387.0,282.0,7.0,456.0,288.0,0.0,381.0,284.0,2.0,-3.817262845401873,10.947598725882743,-1.9438787265801676
125,125,480,640,459.0,288.0,5.0,388.0,282.0,6.0,459.0,285.0,1.0,383.0,285.0,2.0,-4.121700146056421,10.917782500678056,-1.9733598043212377
126,126,480,640,458.0,289.0,5.0,388.0,282.0,6.0,456.0,287.0,0.0,383.0,285.0,2.0,-4.1243930507772815,10.577521691623541,-1.9438255592825282
127,127,480,640,458.0,289.0,5.0,388.0,281.0,6.0,455.0,288.0,0.0,383.0,285.0,2.0,-3.252216647939744,10.72332674648976,-2.057847854033588
128,128,480,640,457.0,288.0,5.0,390.0,282.0,6.0,455.0,288.0,0.0,385.0,285.0,2.0,-4.363850279649032,11.308494386587459,-1.9287327586936092
129,129,480,640,457.0,289.0,5.0,386.0,281.0,7.0,455.0,288.0,0.0,382.0,283.0,2.0,-4.105757200984295,11.047726431746971,-1.90019000844869
130,130,480,640,457.0,288.0,5.0,389.0,282.0,6.0,455.0,288.0,0.0,384.0,285.0,2.0,-3.8000331263049985,11.554796124882884,-1.9581050276816239
131,131,480,640,456.0,288.0,5.0,386.0,281.0,6.0,454.0,287.0,0.0,382.0,284.0,2.0,-4.0447938440958895,11.158068177477444,-1.9257636346416034
132,132,480,640,456.0,288.0,5.0,386.0,282.0,6.0,454.0,288.0,0.0,381.0,284.0,2.0,-4.19071784356395,10.794614345805805,-1.851461503684661
133,133,480,640,456.0,288.0,5.0,388.0,282.0,6.0,454.0,288.0,0.0,383.0,285.0,1.0,-4.41726983147846,10.806392718161911,-1.824511819993237
134,134,480,640,456.0,289.0,5.0,386.0,282.0,6.0,454.0,288.0,0.0,381.0,285.0,1.0,-4.172552126485407,10.691385835452657,-1.9651775515561527
135,135,480,640,456.0,288.0,5.0,385.0,282.0,7.0,454.0,288.0,0.0,380.0,284.0,2.0,-4.0962563761489434,10.944429832662124,-1.862177251960881
136,136,480,640,454.0,289.0,6.0,386.0,282.0,6.0,455.0,289.0,1.0,382.0,285.0,2.0,-3.9118441815400558,10.792693523053257,-1.8543492087366913
137,137,480,640,456.0,289.0,5.0,388.0,282.0,6.0,454.0,288.0,0.0,383.0,285.0,2.0,-4.765824416180039,10.78678724863551,-1.7589138394960588
138,138,480,640,457.0,289.0,5.0,389.0,282.0,6.0,454.0,289.0,0.0,384.0,285.0,1.0,-4.411517243716364,11.0123141509948,-1.8396315689078384
139,139,480,640,457.0,289.0,5.0,391.0,283.0,6.0,455.0,288.0,0.0,386.0,286.0,1.0,-4.14955256888779,11.070910322238587,-1.9378420427672929
140,140,480,640,458.0,289.0,5.0,392.0,283.0,6.0,456.0,288.0,0.0,387.0,286.0,1.0,-5.0026547953175635,11.311635838917573,-1.841791332970456
141,141,480,640,458.0,289.0,5.0,388.0,282.0,6.0,456.0,288.0,0.0,383.0,285.0,1.0,-4.179888919127549,11.030131630797166,-1.8627683971968527
142,142,480,640,457.0,289.0,6.0,389.0,283.0,6.0,457.0,289.0,1.0,384.0,284.0,1.0,-3.816999592865698,10.914470896541719,-1.9144547580506206
143,143,480,640,459.0,289.0,6.0,391.0,284.0,6.0,456.0,289.0,0.0,387.0,286.0,2.0,-4.230172626483432,11.435957225416718,-1.8763464134633479
144,144,480,640,458.0,291.0,6.0,393.0,285.0,6.0,457.0,290.0,0.0,389.0,288.0,2.0,-3.9838952433769648,11.225538292833827,-2.0467376079027653
145,145,480,640,459.0,291.0,6.0,390.0,284.0,6.0,457.0,290.0,0.0,385.0,285.0,1.0,-3.9491330988103956,11.298221027149735,-2.024240017437843
146,146,480,640,461.0,291.0,5.0,391.0,285.0,6.0,459.0,290.0,0.0,386.0,286.0,1.0,-3.569261141774745,10.995515147340956,-2.059189732008609
147,147,480,640,461.0,292.0,5.0,393.0,285.0,6.0,459.0,291.0,0.0,388.0,287.0,1.0,-3.809548900262276,11.190390246980437,-2.014761332434123
148,148,480,640,461.0,293.0,6.0,391.0,285.0,6.0,459.0,292.0,0.0,386.0,286.0,1.0,-3.937085308031426,11.096433247470483,-1.9550592282126413
149,149,480,640,461.0,293.0,5.0,393.0,286.0,6.0,460.0,292.0,0.0,388.0,287.0,1.0,-3.8536424186696427,11.091942133580066,-2.0175988585328897
150,150,480,640,460.0,294.0,6.0,395.0,287.0,6.0,461.0,293.0,0.0,389.0,289.0,1.0,-3.63168131254557,11.333092699551404,-2.0369167392375287
151,151,480,640,463.0,294.0,5.0,397.0,287.0,6.0,462.0,293.0,0.0,392.0,290.0,1.0,-3.723120270161383,11.174937617327181,-2.055045400104958
152,152,480,640,462.0,294.0,5.0,396.0,287.0,6.0,463.0,293.0,0.0,390.0,289.0,1.0,-3.260017523080528,10.982031826196321,-2.1129006352679616
153,153,480,640,463.0,294.0,5.0,398.0,288.0,6.0,461.0,294.0,0.0,393.0,291.0,2.0,-3.4654905279554513,11.20018290593944,-2.0530317342090405
154,154,480,640,464.0,296.0,5.0,398.0,288.0,6.0,461.0,295.0,0.0,394.0,291.0,2.0,-3.4476446464862285,10.764797965600353,-2.184423395988146
155,155,480,640,462.0,295.0,5.0,399.0,290.0,6.0,463.0,295.0,1.0,396.0,294.0,1.0,-4.147029815602389,11.572579891498235,-1.9772732416762273
156,156,480,640,464.0,296.0,6.0,397.0,289.0,6.0,462.0,294.0,0.0,393.0,291.0,2.0,-4.2939186650406915,11.010898901672372,-2.0677200550331367
157,157,480,640,463.0,295.0,5.0,398.0,290.0,6.0,463.0,294.0,0.0,395.0,293.0,2.0,-4.104034767630891,11.49059508564778,-2.037683719330767
158,158,480,640,464.0,296.0,5.0,397.0,288.0,6.0,463.0,293.0,1.0,392.0,291.0,1.0,-3.6294388985589916,10.983499747918035,-2.1464652798458284
159,159,480,640,462.0,295.0,5.0,397.0,289.0,6.0,463.0,294.0,0.0,391.0,291.0,1.0,-3.6479721044523785,11.27607425555036,-2.042618099423885
160,160,480,640,465.0,295.0,5.0,399.0,289.0,6.0,462.0,293.0,0.0,396.0,292.0,2.0,-3.239666796083416,11.011049378489979,-2.110788273281332
161,161,480,640,463.0,295.0,5.0,399.0,289.0,6.0,464.0,293.0,1.0,396.0,292.0,2.0,-3.78532708509587,11.569146402324177,-2.0016536663458164
162,162,480,640,465.0,294.0,5.0,397.0,288.0,6.0,463.0,292.0,0.0,392.0,290.0,1.0,-2.8972030636513337,10.702120540225987,-2.124503327938589
163,163,480,640,,,,400.0,289.0,6.0,,,,395.0,292.0,2.0,-3.804217265927402,11.531787209198274,-2.083309873184133
164,164,480,640,462.0,292.0,5.0,397.0,287.0,6.0,459.0,295.0,0.0,392.0,290.0,1.0,-3.7183181225778554,11.078803247797351,-2.1361894255283587
165,165,480,640,460.0,290.0,5.0,394.0,286.0,6.0,460.0,294.0,1.0,390.0,289.0,2.0,-4.365142817927807,11.501315210846178,-2.066530509207561
166,166,480,640,459.0,284.0,6.0,391.0,279.0,6.0,456.0,288.0,1.0,387.0,282.0,2.0,-2.953294092353834,12.012692029074673,-2.044745929847545
167,167,480,640,457.0,281.0,6.0,386.0,272.0,6.0,454.0,284.0,1.0,381.0,275.0,1.0,-3.941824759639776,11.568205255854348,-2.0133292454355916
168,168,480,640,461.0,278.0,5.0,380.0,264.0,6.0,459.0,273.0,0.0,374.0,267.0,1.0,-2.9805467835608517,12.191528256573132,-1.8939762504886026
169,169,480,640,464.0,278.0,5.0,379.0,264.0,6.0,462.0,276.0,1.0,374.0,267.0,2.0,-2.2649603337967905,11.257287630401592,-1.9414528610209894
170,170,480,640,453.0,271.0,5.0,375.0,259.0,8.0,450.0,269.0,0.0,373.0,259.0,2.0,-3.2409042925855114,11.858634926711835,-1.4709786348217109
171,171,480,640,434.0,266.0,6.0,364.0,249.0,8.0,437.0,261.0,1.0,363.0,249.0,2.0,-2.6587160716232385,11.340213997123186,-1.190160663927725
172,172,480,640,431.0,266.0,5.0,364.0,249.0,8.0,434.0,262.0,1.0,363.0,249.0,2.0,-4.743726208336882,10.967181277069127,-1.013882282352723
173,173,480,640,432.0,261.0,7.0,358.0,244.0,8.0,433.0,257.0,1.0,357.0,243.0,2.0,-3.1044479536877994,10.802183876948202,-1.0339479150591608
174,174,480,640,430.0,256.0,8.0,353.0,241.0,8.0,428.0,254.0,2.0,352.0,240.0,2.0,-3.479353892342227,10.121303821985606,-0.8779959395312246
175,175,480,640,425.0,253.0,8.0,347.0,239.0,8.0,424.0,251.0,2.0,347.0,237.0,2.0,-4.6553828090546165,9.407626107902729,-0.6659602225161989
176,176,480,640,421.0,250.0,8.0,342.0,236.0,8.0,420.0,248.0,2.0,342.0,234.0,2.0,-4.970689056521306,9.005642948638048,-0.5810626297955583
177,177,480,640,416.0,247.0,8.0,337.0,234.0,9.0,415.0,245.0,2.0,335.0,232.0,2.0,-5.391450286391156,8.484202668979881,-0.46750230043635016
178,178,480,640,411.0,244.0,8.0,331.0,232.0,8.0,410.0,243.0,2.0,330.0,231.0,3.0,-4.837285747138428,8.143317328373632,-0.4348280080163604
179,179,480,640,403.0,239.0,8.0,321.0,227.0,8.0,403.0,238.0,2.0,321.0,226.0,2.0,-4.510621522571733,7.486819315870656,-0.35777534262983834
180,180,480,640,399.0,236.0,8.0,318.0,225.0,9.0,398.0,235.0,2.0,317.0,224.0,2.0,-3.7029671467283074,7.360169850640152,-0.29536193554510515
181,181,480,640,399.0,236.0,8.0,317.0,225.0,8.0,398.0,235.0,2.0,317.0,224.0,2.0,-4.797534962336429,7.44390897986316,-0.30471833587646285
182,182,480,640,396.0,233.0,8.0,314.0,222.0,9.0,395.0,232.0,2.0,312.0,221.0,3.0,-3.884338021161,7.072032336593595,-0.27250760027261545
183,183,480,640,394.0,228.0,7.0,311.0,219.0,8.0,394.0,228.0,2.0,310.0,217.0,2.0,-3.3657418972715147,6.912135020866443,-0.2790739131222178
184,184,480,640,392.0,224.0,8.0,309.0,216.0,8.0,392.0,223.0,2.0,309.0,214.0,3.0,-3.261773893367313,6.565023874686511,-0.28035207646587085
185,185,480,640,388.0,222.0,8.0,305.0,214.0,8.0,389.0,220.0,3.0,306.0,212.0,3.0,-2.7901467798606387,6.116958023272722,-0.25417471174616224
186,186,480,640,385.0,220.0,8.0,302.0,213.0,9.0,384.0,218.0,2.0,302.0,210.0,2.0,-2.6451141294483858,5.987215687994411,-0.24717854905142997
187,187,480,640,381.0,219.0,8.0,298.0,212.0,9.0,380.0,216.0,2.0,299.0,209.0,3.0,-2.729738078470337,5.7759274099548,-0.22328427189716785
188,188,480,640,378.0,217.0,8.0,295.0,211.0,9.0,376.0,215.0,2.0,295.0,209.0,3.0,-2.4504114786915974,5.377062623173597,-0.22085842573908077
189,189,480,640,375.0,216.0,8.0,292.0,210.0,9.0,374.0,214.0,2.0,290.0,208.0,2.0,-2.4940606287488807,5.422780537842006,-0.20161289349643083
190,190,480,640,369.0,212.0,8.0,285.0,208.0,8.0,367.0,210.0,2.0,283.0,205.0,2.0,-2.209453162950954,4.729274008075314,-0.20965658397987502
191,191,480,640,366.0,209.0,8.0,282.0,207.0,8.0,365.0,207.0,3.0,280.0,202.0,2.0,-1.894541966126072,4.4901248002372185,-0.2311344189558481
192,192,480,640,363.0,207.0,8.0,279.0,205.0,8.0,361.0,205.0,3.0,277.0,201.0,3.0,-1.7772662028393713,4.490145502898677,-0.21408993161056133
193,193,480,640,364.0,208.0,8.0,279.0,205.0,8.0,361.0,205.0,3.0,277.0,201.0,3.0,-1.9511818020276785,4.37417169561727,-0.2225402986456339
194,194,480,640,360.0,205.0,8.0,276.0,204.0,8.0,358.0,203.0,3.0,274.0,200.0,3.0,-1.4378910905907194,4.1572782575307095,-0.23554914479766723
195,195,480,640,357.0,203.0,8.0,273.0,203.0,8.0,355.0,202.0,2.0,272.0,200.0,3.0,-0.8781862032561263,3.9237115479820974,-0.25110099468957503
196,196,480,640,351.0,204.0,7.0,264.0,204.0,8.0,351.0,206.0,4.0,258.0,207.0,2.0,-1.0520539775534374,3.021436627945954,-0.212622568399696
197,197,480,640,350.0,204.0,7.0,265.0,204.0,8.0,349.0,205.0,3.0,258.0,207.0,2.0,-1.2709920048090215,3.1120594935048986,-0.1964477791975484
198,198,480,640,347.0,204.0,7.0,267.0,204.0,8.0,342.0,206.0,2.0,262.0,208.0,2.0,-1.1601297039238905,3.095250131430376,-0.18370296601940653
199,199,480,640,345.0,203.0,7.0,262.0,202.0,8.0,340.0,204.0,2.0,257.0,206.0,2.0,-0.578288895184869,2.806794304699266,-0.21091155239927892
200,200,480,640,345.0,200.0,7.0,258.0,201.0,8.0,345.0,201.0,3.0,251.0,205.0,2.0,-0.11105301590129824,2.743490797747324,-0.217120672656571
201,201,480,640,343.0,196.0,7.0,260.0,199.0,7.0,344.0,197.0,2.0,258.0,200.0,3.0,0.80391280329344,2.6518302916281056,-0.26732664557406965
202,202,480,640,340.0,192.0,8.0,256.0,196.0,8.0,340.0,191.0,2.0,256.0,195.0,2.0,1.6043617107150727,2.2662869174929323,-0.2802866973433959
203,203,480,640,337.0,190.0,8.0,255.0,194.0,8.0,338.0,189.0,2.0,255.0,193.0,2.0,2.066676354392418,1.7976202044073255,-0.29541454492618535
204,204,480,640,336.0,187.0,8.0,253.0,192.0,8.0,336.0,187.0,2.0,252.0,191.0,2.0,2.4974772424786864,1.6226254393974338,-0.29429669874201425
205,205,480,640,336.0,187.0,8.0,253.0,193.0,9.0,336.0,187.0,2.0,252.0,191.0,2.0,2.4216461438950336,1.8844200548966354,-0.28218574835977234
206,206,480,640,333.0,186.0,8.0,251.0,191.0,8.0,333.0,185.0,2.0,250.0,190.0,2.0,2.664320794530548,1.4149682355629938,-0.29703986007476957
207,207,480,640,332.0,184.0,8.0,249.0,190.0,8.0,331.0,183.0,2.0,248.0,189.0,2.0,3.1385439993670246,1.047128773094856,-0.30918035957360746
208,208,480,640,330.0,182.0,8.0,247.0,188.0,8.0,328.0,181.0,2.0,245.0,188.0,2.0,3.2392389734649503,0.8155852390938473,-0.306235524641323
209,209,480,640,328.0,181.0,8.0,246.0,188.0,8.0,326.0,180.0,2.0,244.0,187.0,2.0,4.113017199937767,0.6464274187154789,-0.3081993711063054
210,210,480,640,326.0,180.0,8.0,244.0,187.0,8.0,325.0,179.0,2.0,242.0,186.0,3.0,4.067890722721701,0.3507234035809574,-0.30454358861843617
211,211,480,640,325.0,179.0,8.0,243.0,187.0,8.0,323.0,178.0,2.0,240.0,185.0,2.0,4.442852084527073,0.24479576410170972,-0.30655556547933327
212,212,480,640,323.0,178.0,8.0,242.0,187.0,8.0,322.0,177.0,2.0,239.0,185.0,2.0,4.41259615354611,0.169164775543019,-0.3006102959181572
213,213,480,640,322.0,178.0,8.0,241.0,187.0,8.0,321.0,177.0,3.0,238.0,186.0,2.0,4.425161945361451,-0.013946762945579196,-0.30043378811028854
214,214,480,640,321.0,177.0,8.0,240.0,186.0,8.0,319.0,177.0,2.0,238.0,185.0,2.0,4.675723162500316,-0.08287231377833451,-0.2950752176368759
215,215,480,640,320.0,177.0,8.0,239.0,186.0,8.0,320.0,176.0,2.0,237.0,185.0,2.0,4.632729144976416,-0.23169470803593697,-0.3020605561175728
216,216,480,640,320.0,178.0,8.0,239.0,187.0,8.0,320.0,178.0,2.0,239.0,186.0,2.0,4.743911629251739,-0.1593753917260731,-0.2987395093067226
217,217,480,640,320.0,178.0,8.0,239.0,187.0,8.0,320.0,178.0,1.0,239.0,186.0,2.0,4.870744545519505,-0.05997745220101058,-0.3020616507384618
218,218,480,640,321.0,181.0,8.0,240.0,189.0,8.0,321.0,182.0,2.0,239.0,190.0,2.0,4.791411312424172,-0.018721136107578293,-0.287487518230997
219,219,480,640,322.0,185.0,7.0,242.0,191.0,8.0,322.0,186.0,2.0,242.0,193.0,2.0,3.500358696967989,0.36789414519687597,-0.262119332913788
220,220,480,640,325.0,188.0,6.0,244.0,194.0,8.0,325.0,191.0,1.0,243.0,197.0,1.0,2.314285430200791,1.0444837762799195,-0.2523933710789729
221,221,480,640,330.0,193.0,7.0,247.0,197.0,8.0,330.0,195.0,2.0,243.0,201.0,3.0,1.525391531883394,1.8084998135300532,-0.22618433381047115
222,222,480,640,335.0,198.0,6.0,251.0,201.0,7.0,336.0,202.0,1.0,246.0,206.0,2.0,0.11124849750990638,3.1225136452336537,-0.20602628793904496
223,223,480,640,341.0,205.0,6.0,258.0,207.0,7.0,340.0,207.0,1.0,254.0,211.0,2.0,-0.9807835664486221,4.68529593340146,-0.1938287197741882
224,224,480,640,346.0,210.0,6.0,264.0,212.0,7.0,346.0,212.0,2.0,259.0,216.0,2.0,-2.1400827205920274,6.1475077307808235,-0.19920127861981934
225,225,480,640,352.0,215.0,6.0,269.0,216.0,7.0,351.0,217.0,2.0,264.0,220.0,2.0,-2.975680803576947,7.022973752054537,-0.21188998042482882
226,226,480,640,365.0,224.0,7.0,283.0,223.0,7.0,361.0,224.0,2.0,278.0,228.0,2.0,-4.322693112935531,8.722625419204938,-0.2913030739964989
227,227,480,640,369.0,228.0,7.0,291.0,228.0,7.0,366.0,228.0,2.0,287.0,232.0,2.0,-3.423937346187154,9.8222593276128,-0.33393579462891865
228,228,480,640,373.0,230.0,8.0,294.0,227.0,7.0,370.0,231.0,2.0,289.0,228.0,2.0,-3.643210382304129,10.106339511669805,-0.3660478589912294
229,229,480,640,374.0,232.0,6.0,295.0,229.0,7.0,370.0,231.0,1.0,289.0,228.0,2.0,-3.3586647881464855,10.011662649248281,-0.34146880621412645
230,230,480,640,378.0,234.0,7.0,299.0,231.0,7.0,373.0,233.0,2.0,293.0,231.0,3.0,-4.727664723810696,10.30164606175977,-0.4082077457286938
231,231,480,640,380.0,236.0,7.0,300.0,232.0,7.0,376.0,236.0,2.0,294.0,232.0,2.0,-4.345749637688726,10.254319899309314,-0.4734427655805263
232,232,480,640,383.0,239.0,8.0,303.0,235.0,7.0,379.0,238.0,2.0,297.0,235.0,3.0,-4.905237136836972,10.30704319864079,-0.54347929714673
233,233,480,640,386.0,242.0,8.0,308.0,238.0,7.0,381.0,241.0,2.0,302.0,236.0,2.0,-5.6875103147130135,10.537215122462564,-0.5667345934686897
234,234,480,640,387.0,243.0,7.0,308.0,240.0,7.0,383.0,244.0,2.0,302.0,237.0,2.0,-5.623134372030444,9.90943549756002,-0.6825201498963835
235,235,480,640,390.0,244.0,7.0,308.0,245.0,7.0,385.0,247.0,2.0,302.0,249.0,1.0,-5.550675762212453,10.285749719915447,-0.7015789135885856
236,236,480,640,392.0,246.0,6.0,312.0,248.0,7.0,388.0,250.0,1.0,306.0,253.0,1.0,-5.425911783110255,9.4917624766481,-0.7701121924924637
237,237,480,640,394.0,249.0,5.0,315.0,252.0,7.0,391.0,253.0,1.0,310.0,257.0,1.0,-4.742609138416763,9.590756576585546,-0.8896564754482418
238,238,480,640,400.0,259.0,5.0,323.0,258.0,7.0,396.0,260.0,1.0,316.0,259.0,2.0,-3.699806687967032,9.26055156386988,-1.1154919525928733
239,239,480,640,400.0,262.0,5.0,324.0,262.0,7.0,398.0,262.0,1.0,319.0,266.0,1.0,-4.376802312188847,9.952545421433994,-1.032709417528014
240,240,480,640,403.0,264.0,5.0,325.0,264.0,7.0,400.0,264.0,1.0,320.0,268.0,2.0,-4.252195459272302,9.619983403386515,-1.1007047340774692
241,241,480,640,403.0,264.0,5.0,327.0,264.0,7.0,401.0,264.0,1.0,322.0,268.0,1.0,-3.4803533268129043,8.712332704666776,-1.2298103921022028
242,242,480,640,404.0,266.0,5.0,330.0,266.0,7.0,402.0,266.0,1.0,325.0,270.0,1.0,-4.6534207927235185,10.030641957047433,-1.1012031424582294
243,243,480,640,407.0,267.0,5.0,332.0,268.0,7.0,404.0,267.0,1.0,327.0,271.0,2.0,-3.9297475195391995,9.520826570034757,-1.1654092505069613
244,244,480,640,406.0,268.0,6.0,334.0,268.0,6.0,403.0,268.0,1.0,329.0,272.0,1.0,-3.833869231550346,10.377100782964229,-1.190505419916841
245,245,480,640,406.0,268.0,6.0,337.0,270.0,7.0,403.0,270.0,1.0,332.0,274.0,1.0,-3.6833289319177496,9.930820723683608,-1.2535601020430154
246,246,480,640,407.0,268.0,6.0,337.0,269.0,6.0,403.0,270.0,1.0,332.0,274.0,1.0,-3.8067763162279586,10.345644060625231,-1.2481644905272704
247,247,480,640,406.0,268.0,6.0,339.0,268.0,6.0,404.0,269.0,1.0,336.0,264.0,3.0,-4.517409075850899,10.536845288520379,-1.1832803370341587
248,248,480,640,407.0,268.0,5.0,336.0,268.0,6.0,404.0,269.0,1.0,331.0,272.0,1.0,-4.357400362897962,10.947397714940157,-1.190939516479608
249,249,480,640,407.0,268.0,5.0,336.0,266.0,7.0,404.0,269.0,0.0,330.0,270.0,1.0,-3.5747536237317337,10.433444051666807,-1.2417641097973873
250,250,480,640,408.0,266.0,6.0,333.0,265.0,7.0,405.0,266.0,1.0,328.0,269.0,2.0,-2.232986248588014,9.624970675467244,-1.3552826106484337
251,251,480,640,407.0,266.0,5.0,333.0,264.0,7.0,406.0,265.0,0.0,328.0,268.0,3.0,-2.8923463132854113,9.886244394076588,-1.3160229058644135
252,252,480,640,408.0,264.0,6.0,334.0,263.0,7.0,406.0,265.0,1.0,330.0,267.0,2.0,-2.5633157481722697,9.235466107761455,-1.3606542309865568
253,253,480,640,406.0,265.0,6.0,334.0,264.0,7.0,405.0,265.0,1.0,330.0,267.0,2.0,-3.065022010519415,9.223683196116124,-1.3032383318827683
254,254,480,640,407.0,265.0,5.0,334.0,262.0,7.0,406.0,264.0,1.0,329.0,266.0,2.0,-3.544981472123545,9.611324983471887,-1.269405169448982
255,255,480,640,406.0,265.0,5.0,334.0,261.0,7.0,406.0,264.0,1.0,329.0,265.0,1.0,-3.4648786914991594,9.686289121879646,-1.2990926682597765
256,256,480,640,406.0,264.0,5.0,334.0,262.0,7.0,407.0,264.0,0.0,329.0,266.0,2.0,-3.426037977641316,9.365467066774126,-1.277001643651867
257,257,480,640,406.0,265.0,5.0,334.0,262.0,7.0,407.0,263.0,0.0,329.0,266.0,2.0,-3.7589103354145212,9.964013120475858,-1.2028743893118883
258,258,480,640,406.0,264.0,5.0,334.0,262.0,7.0,407.0,263.0,0.0,329.0,266.0,2.0,-3.8900895385113157,9.860201363135205,-1.1920472271876266
259,259,480,640,405.0,264.0,5.0,335.0,261.0,7.0,406.0,263.0,0.0,330.0,265.0,1.0,-3.047718985194969,9.244021338978765,-1.2940450063968056
260,260,480,640,405.0,265.0,5.0,336.0,264.0,6.0,403.0,266.0,1.0,331.0,268.0,1.0,-4.467015156827986,9.734083961983648,-1.2102730761727152
261,261,480,640,406.0,265.0,6.0,337.0,266.0,6.0,404.0,267.0,1.0,333.0,270.0,1.0,-5.358947377001774,10.334467416216029,-1.1220105140196772
262,262,480,640,406.0,264.0,6.0,338.0,263.0,6.0,403.0,266.0,1.0,332.0,262.0,3.0,-3.908296441560853,10.309662834597859,-1.2510795973300635
263,263,480,640,405.0,264.0,5.0,339.0,262.0,6.0,402.0,265.0,0.0,334.0,258.0,1.0,-2.8745879548294226,9.329983251770834,-1.4335341070139695
264,264,480,640,405.0,263.0,5.0,336.0,261.0,6.0,402.0,263.0,0.0,331.0,266.0,1.0,-1.7503642012817542,9.014992412387201,-1.4533248937205405
265,265,480,640,403.0,263.0,5.0,335.0,261.0,6.0,402.0,263.0,0.0,330.0,266.0,1.0,-1.7104226183105393,8.77964871147094,-1.5199270338830588
266,266,480,640,403.0,261.0,5.0,333.0,259.0,7.0,401.0,263.0,0.0,327.0,264.0,1.0,-1.9543633146710433,8.978785411955833,-1.4602534040406743
267,267,480,640,402.0,262.0,5.0,334.0,258.0,6.0,402.0,262.0,0.0,330.0,257.0,2.0,-1.957826415697002,9.04061184803846,-1.401509623393616
268,268,480,640,400.0,261.0,5.0,334.0,258.0,7.0,401.0,261.0,0.0,327.0,258.0,2.0,-2.990291130156059,9.748072631617383,-1.265204721807281
269,269,480,640,400.0,261.0,5.0,331.0,259.0,7.0,400.0,261.0,0.0,326.0,263.0,2.0,-3.6946079507594636,9.662009070476925,-1.1982071133894374
270,270,480,640,400.0,261.0,5.0,331.0,259.0,7.0,400.0,260.0,1.0,325.0,264.0,1.0,-3.7894131857566498,9.610218499147123,-1.1625847829673097
271,271,480,640,401.0,262.0,5.0,329.0,259.0,7.0,402.0,261.0,0.0,324.0,263.0,1.0,-3.9331903582052896,9.711513201856738,-1.1522092995031006
272,272,480,640,402.0,263.0,5.0,332.0,260.0,7.0,402.0,261.0,0.0,326.0,264.0,1.0,-4.048100673014967,10.030293873374857,-1.15774759138561
273,273,480,640,402.0,262.0,5.0,330.0,260.0,7.0,402.0,261.0,0.0,324.0,263.0,1.0,-3.453283483505775,9.347830411619967,-1.2002501828041567
274,274,480,640,402.0,262.0,6.0,330.0,260.0,7.0,401.0,261.0,0.0,325.0,264.0,2.0,-3.690876308070109,9.819736735293736,-1.1922697392720165
275,275,480,640,402.0,262.0,5.0,330.0,259.0,7.0,401.0,261.0,0.0,325.0,263.0,1.0,-3.8051651388688925,10.219533017325944,-1.1431394475971541
276,276,480,640,401.0,263.0,5.0,331.0,259.0,7.0,401.0,261.0,0.0,326.0,263.0,1.0,-3.22351020400186,10.093610664245817,-1.2115921307302986
277,277,480,640,401.0,263.0,5.0,332.0,259.0,7.0,401.0,261.0,1.0,327.0,263.0,1.0,-3.686915414574846,10.099194186852468,-1.175810866912574
278,278,480,640,400.0,262.0,5.0,332.0,259.0,7.0,400.0,261.0,0.0,326.0,263.0,1.0,-3.669081020540867,10.281981037011127,-1.1631671347235886
279,279,480,640,400.0,262.0,5.0,332.0,259.0,7.0,400.0,260.0,0.0,327.0,263.0,1.0,-3.5213331509703165,10.00771209702979,-1.190031672217589
280,280,480,640,401.0,262.0,5.0,331.0,259.0,7.0,402.0,261.0,0.0,325.0,263.0,1.0,-3.093203910783162,9.364565928474898,-1.2304473400070393
281,281,480,640,400.0,262.0,5.0,330.0,259.0,7.0,400.0,261.0,0.0,325.0,263.0,1.0,-3.245190331938793,9.752769740621144,-1.1663966822345733
282,282,480,640,402.0,262.0,5.0,331.0,260.0,7.0,401.0,261.0,0.0,326.0,264.0,2.0,-4.086691080334835,9.853071167602229,-1.0981089939621038
283,283,480,640,402.0,262.0,5.0,331.0,260.0,7.0,403.0,262.0,0.0,325.0,264.0,1.0,-3.973248595168665,9.70113680785362,-1.1790805764985963
284,284,480,640,403.0,263.0,6.0,327.0,262.0,7.0,402.0,262.0,1.0,322.0,265.0,2.0,-3.967215443868301,9.064936478367294,-1.1588090140904972
285,285,480,640,404.0,264.0,5.0,331.0,263.0,7.0,402.0,263.0,1.0,326.0,267.0,2.0,-3.866097117352853,9.194903795750788,-1.1760148022704093
286,286,480,640,406.0,264.0,5.0,331.0,263.0,8.0,403.0,264.0,0.0,325.0,267.0,2.0,-3.715940589262541,10.233473069435744,-1.1675941474876128
287,287,480,640,406.0,264.0,5.0,330.0,262.0,8.0,404.0,263.0,0.0,325.0,265.0,2.0,-3.4427934033363505,10.043553140120792,-1.1744862940489762
288,288,480,640,407.0,264.0,5.0,331.0,262.0,8.0,404.0,264.0,0.0,326.0,265.0,2.0,-1.9427389560424504,9.442275622969737,-1.3467035906948952
289,289,480,640,406.0,263.0,6.0,331.0,262.0,8.0,404.0,264.0,0.0,326.0,265.0,2.0,-2.539759614224717,10.063272034538867,-1.2574894714509015
290,290,480,640,406.0,263.0,5.0,330.0,261.0,8.0,405.0,263.0,0.0,325.0,264.0,2.0,-3.383421343966768,10.143845959859249,-1.23822946488411
291,291,480,640,406.0,263.0,5.0,330.0,261.0,7.0,405.0,263.0,1.0,325.0,264.0,2.0,-2.347295090940445,9.554832911031298,-1.3332133861150273
292,292,480,640,406.0,263.0,5.0,331.0,260.0,7.0,404.0,263.0,0.0,326.0,264.0,2.0,-3.355912626347447,10.139343092899416,-1.2173064951698116
293,293,480,640,405.0,264.0,5.0,332.0,260.0,8.0,405.0,262.0,1.0,326.0,264.0,2.0,-2.7620080968072536,9.766240670299208,-1.2643513616074091
294,294,480,640,405.0,263.0,5.0,330.0,260.0,7.0,406.0,262.0,1.0,325.0,264.0,2.0,-3.49345228634567,9.741074644754857,-1.1819573411919067
295,295,480,640,405.0,263.0,5.0,332.0,262.0,7.0,405.0,262.0,1.0,327.0,266.0,2.0,-3.139265933065119,8.862932826168393,-1.2582978601822385
296,296,480,640,404.0,263.0,6.0,338.0,264.0,6.0,405.0,264.0,1.0,333.0,262.0,1.0,-3.442165511773729,9.073016917610309,-1.267335943828261
297,297,480,640,406.0,263.0,5.0,341.0,265.0,6.0,404.0,264.0,1.0,341.0,269.0,4.0,-4.616305457110134,9.811946504745846,-1.1226746271382686
298,298,480,640,405.0,264.0,6.0,337.0,265.0,6.0,403.0,264.0,1.0,332.0,269.0,0.0,-4.639760813370966,9.805962775535168,-1.14769084421553
299,299,480,640,405.0,265.0,6.0,334.0,265.0,7.0,403.0,265.0,1.0,328.0,268.0,1.0,-4.577332074717144,10.292348259288334,-1.135373318118409
300,300,480,640,405.0,264.0,6.0,332.0,264.0,7.0,403.0,265.0,1.0,327.0,268.0,2.0,-3.8881660871913466,9.788491569991539,-1.20567836053333
301,301,480,640,405.0,265.0,5.0,333.0,264.0,7.0,403.0,265.0,1.0,328.0,268.0,1.0,-4.169908560201059,10.019878394883502,-1.153918827658864
302,302,480,640,405.0,265.0,5.0,332.0,264.0,7.0,403.0,264.0,1.0,327.0,268.0,2.0,-3.62473768941071,10.034000414366716,-1.1891787844037787
303,303,480,640,404.0,264.0,6.0,330.0,263.0,8.0,405.0,264.0,1.0,324.0,267.0,3.0,-3.7396903929512164,9.845552601307407,-1.154259471885706
304,304,480,640,404.0,265.0,6.0,331.0,262.0,7.0,405.0,264.0,1.0,326.0,266.0,2.0,-2.9113111427556735,9.106837956339222,-1.3202963336867406
305,305,480,640,403.0,264.0,6.0,332.0,263.0,7.0,404.0,264.0,1.0,327.0,267.0,2.0,-3.706355524279455,9.433343798887014,-1.1765257105116436
306,306,480,640,404.0,264.0,6.0,330.0,263.0,6.0,403.0,263.0,1.0,325.0,266.0,1.0,-4.212789253831803,10.159351530626532,-1.0605177775891987
307,307,480,640,403.0,263.0,6.0,332.0,263.0,6.0,402.0,263.0,1.0,328.0,268.0,1.0,-3.317948871261923,9.009304994600145,-1.2134071486206701
308,308,480,640,402.0,263.0,6.0,331.0,263.0,7.0,402.0,264.0,1.0,325.0,268.0,1.0,-4.386057859652588,9.541394259835757,-1.1004332753877013
309,309,480,640,403.0,264.0,5.0,331.0,264.0,6.0,401.0,265.0,2.0,327.0,265.0,2.0,-5.159487791501278,9.665689567680069,-1.0410815854738298
310,310,480,640,403.0,267.0,5.0,330.0,267.0,6.0,401.0,266.0,1.0,326.0,271.0,1.0,-5.893312002698423,9.523707786697749,-0.9813909179688397
311,311,480,640,403.0,268.0,6.0,331.0,267.0,6.0,402.0,266.0,1.0,327.0,272.0,1.0,-5.987629993287544,9.344998784315164,-0.9903066476158668
312,312,480,640,404.0,269.0,5.0,332.0,268.0,7.0,403.0,268.0,1.0,327.0,273.0,1.0,-6.694640888598065,9.772322317439105,-0.9578297811151676
313,313,480,640,406.0,269.0,5.0,332.0,269.0,6.0,403.0,269.0,1.0,328.0,274.0,1.0,-6.051458045832265,9.145566559244935,-1.0264349700852966
314,314,480,640,404.0,269.0,6.0,334.0,270.0,6.0,403.0,269.0,1.0,329.0,274.0,1.0,-5.819744299777562,9.081931188232872,-1.0369052268510421
315,315,480,640,407.0,270.0,6.0,340.0,272.0,6.0,404.0,270.0,1.0,344.0,276.0,1.0,-5.937905113063319,9.360414013988555,-1.0558199319689714
316,316,480,640,406.0,272.0,6.0,332.0,272.0,6.0,405.0,271.0,1.0,327.0,276.0,1.0,-5.481033446227867,8.766567189959094,-1.1029997360265473
317,317,480,640,407.0,272.0,6.0,331.0,272.0,7.0,405.0,272.0,1.0,326.0,276.0,1.0,-6.050798453324162,8.896427151255732,-1.0624840090883545
318,318,480,640,407.0,272.0,6.0,329.0,272.0,7.0,406.0,272.0,1.0,324.0,276.0,2.0,-6.889836122815103,9.6165725507897,-0.9750443924749648
319,319,480,640,407.0,273.0,6.0,335.0,274.0,6.0,405.0,272.0,1.0,330.0,278.0,1.0,-5.82719264117231,9.321154668214344,-1.07195545675784
320,320,480,640,408.0,273.0,6.0,340.0,275.0,6.0,406.0,273.0,1.0,339.0,280.0,3.0,-6.078807255399559,9.481059825487574,-1.0198029468217178
321,321,480,640,407.0,273.0,5.0,340.0,276.0,6.0,406.0,273.0,1.0,338.0,280.0,2.0,-5.834957133443896,9.49821507789284,-1.0171213951500186
322,322,480,640,409.0,273.0,5.0,342.0,276.0,6.0,406.0,273.0,1.0,342.0,280.0,2.0,-5.5118423903238325,9.220588113430525,-1.0659982857426828
323,323,480,640,408.0,274.0,6.0,336.0,275.0,6.0,407.0,273.0,1.0,331.0,279.0,1.0,-5.6411797277138716,9.158514911108908,-1.0605696199665298
324,324,480,640,409.0,273.0,6.0,336.0,275.0,6.0,407.0,273.0,1.0,331.0,279.0,1.0,-5.454311697227271,9.417464483081623,-1.026881157024643
325,325,480,640,409.0,274.0,5.0,336.0,275.0,6.0,407.0,273.0,1.0,332.0,280.0,1.0,-5.589205095876268,9.389179388331119,-1.0334076548242328
326,326,480,640,408.0,275.0,6.0,342.0,276.0,6.0,406.0,274.0,1.0,340.0,280.0,2.0,-5.363011112645853,9.164134972664495,-1.105076832420408
327,327,480,640,409.0,274.0,6.0,337.0,275.0,6.0,407.0,274.0,1.0,333.0,280.0,1.0,-6.026121718879961,9.258877513942707,-1.0646274650031191
328,328,480,640,409.0,274.0,6.0,337.0,276.0,6.0,407.0,274.0,1.0,332.0,280.0,1.0,-5.559836961112908,9.507940306851555,-1.0757772313363776
329,329,480,640,410.0,274.0,5.0,338.0,276.0,6.0,408.0,274.0,1.0,334.0,280.0,1.0,-6.148181071764046,9.691234809993478,-1.0315281843466597
330,330,480,640,409.0,274.0,5.0,343.0,277.0,6.0,407.0,274.0,1.0,341.0,281.0,2.0,-5.7515918505239725,9.336822316346685,-1.0983555254980477
331,331,480,640,410.0,274.0,5.0,342.0,276.0,6.0,408.0,274.0,1.0,342.0,279.0,7.0,-5.235544386251793,9.501593541438679,-1.133666323053659
332,332,480,640,409.0,274.0,6.0,337.0,275.0,6.0,408.0,274.0,0.0,332.0,279.0,1.0,-4.863257737409988,8.828519507422651,-1.157785737566728
333,333,480,640,410.0,273.0,6.0,337.0,275.0,7.0,409.0,273.0,1.0,332.0,279.0,1.0,-5.145289906500889,9.024025631442639,-1.098535959078042
334,334,480,640,408.0,274.0,6.0,334.0,274.0,6.0,409.0,274.0,1.0,330.0,278.0,1.0,-5.023579961717615,8.901617395448108,-1.1438436143322346
335,335,480,640,409.0,273.0,5.0,331.0,274.0,7.0,408.0,274.0,2.0,326.0,278.0,2.0,-4.228226258446142,8.33019613130776,-1.1834916859525266
336,336,480,640,410.0,274.0,6.0,333.0,275.0,7.0,408.0,274.0,1.0,328.0,278.0,2.0,-4.541743608193054,8.602688023138858,-1.1492027513553615
337,337,480,640,409.0,275.0,6.0,334.0,275.0,7.0,408.0,274.0,2.0,329.0,279.0,2.0,-5.344032530805059,9.266596767865147,-1.0659192333637715
338,338,480,640,409.0,274.0,5.0,337.0,276.0,6.0,407.0,274.0,1.0,332.0,279.0,1.0,-4.638716726260401,8.734481911938087,-1.1544134102549608
339,339,480,640,,,,336.0,275.0,6.0,,,,331.0,279.0,1.0,-5.032206805441513,9.0408086400486,-1.1075986732827605
340,340,480,640,409.0,274.0,5.0,334.0,275.0,6.0,407.0,274.0,1.0,330.0,279.0,2.0,-5.0996887870347125,8.951595487269076,-1.1146937750436212
341,341,480,640,409.0,275.0,5.0,335.0,275.0,6.0,406.0,274.0,1.0,331.0,279.0,2.0,-4.962949399568371,8.73001819962743,-1.1421013047200304
342,342,480,640,409.0,275.0,6.0,339.0,276.0,6.0,409.0,274.0,0.0,335.0,281.0,2.0,-5.415753837736196,9.083457183870774,-1.0968814908588878
343,343,480,640,410.0,276.0,6.0,341.0,276.0,6.0,409.0,275.0,1.0,336.0,281.0,1.0,-5.689304404540637,8.85657691109905,-1.1077347908776674
344,344,480,640,410.0,276.0,5.0,338.0,277.0,7.0,410.0,275.0,1.0,332.0,280.0,1.0,-5.158243498827003,8.521802688361156,-1.1581625624642857
345,345,480,640,411.0,277.0,5.0,336.0,277.0,7.0,410.0,276.0,1.0,331.0,281.0,2.0,-5.279778600439976,8.472807662214976,-1.1133268667678853
346,346,480,640,410.0,277.0,6.0,340.0,278.0,6.0,411.0,277.0,1.0,336.0,283.0,2.0,-5.166941888772975,9.078512129600295,-1.1491476321392793
347,347,480,640,411.0,277.0,6.0,345.0,279.0,6.0,411.0,277.0,0.0,343.0,283.0,2.0,-5.022607132688806,9.17394489632805,-1.1350867639672464
348,348,480,640,412.0,278.0,6.0,342.0,279.0,6.0,412.0,277.0,1.0,337.0,284.0,1.0,-4.969286346162565,8.814750648517272,-1.142119874154568
349,349,480,640,412.0,279.0,5.0,346.0,281.0,6.0,414.0,278.0,0.0,343.0,285.0,2.0,-5.3881712029572375,8.84539482192168,-1.1658301243548532
350,350,480,640,413.0,280.0,5.0,351.0,282.0,5.0,414.0,278.0,1.0,354.0,285.0,1.0,-5.278559370463837,9.306100241634347,-1.1719527290548013
351,351,480,640,413.0,280.0,6.0,342.0,281.0,7.0,414.0,279.0,1.0,337.0,284.0,2.0,-5.5965233388015845,9.565127290069253,-1.1307547162077793
352,352,480,640,413.0,280.0,6.0,345.0,281.0,6.0,414.0,279.0,1.0,340.0,285.0,1.0,-5.134948372494943,9.15501768999432,-1.156827867558161
353,353,480,640,414.0,281.0,6.0,351.0,283.0,6.0,414.0,280.0,1.0,351.0,287.0,2.0,-5.546539941611185,9.85824467490348,-1.1725459777703855
354,354,480,640,414.0,281.0,6.0,346.0,282.0,6.0,416.0,280.0,0.0,342.0,286.0,1.0,-5.602721985610594,9.891273244627905,-1.1338829206247658
355,355,480,640,415.0,282.0,5.0,350.0,283.0,6.0,416.0,280.0,1.0,348.0,287.0,2.0,-5.450080312830252,9.274086482421083,-1.202019178842074
356,356,480,640,415.0,282.0,6.0,350.0,283.0,6.0,416.0,281.0,1.0,351.0,287.0,3.0,-5.192676763005139,9.594525354674113,-1.2015967111632724
357,357,480,640,417.0,282.0,6.0,351.0,282.0,6.0,417.0,281.0,1.0,350.0,287.0,3.0,-5.399227148202014,9.498819109177761,-1.183683044906093
358,358,480,640,417.0,284.0,5.0,348.0,283.0,6.0,417.0,281.0,1.0,344.0,287.0,1.0,-4.612787487741724,8.794661957065468,-1.2824604566536157
359,359,480,640,417.0,283.0,6.0,343.0,283.0,7.0,418.0,282.0,1.0,338.0,286.0,2.0,-4.841255810708757,8.575267488309288,-1.2360325427568801
360,360,480,640,417.0,284.0,5.0,346.0,283.0,6.0,417.0,283.0,1.0,341.0,288.0,1.0,-5.285003631473237,8.583872406445899,-1.2106495604774374
361,361,480,640,417.0,284.0,6.0,349.0,285.0,6.0,416.0,284.0,1.0,344.0,289.0,1.0,-4.9966891427495534,8.553314627887646,-1.2570748993504723
362,362,480,640,417.0,285.0,6.0,344.0,287.0,7.0,415.0,285.0,1.0,339.0,290.0,2.0,-5.182462228262238,8.180837327547009,-1.2802978909399478
363,363,480,640,416.0,286.0,6.0,343.0,287.0,7.0,415.0,286.0,1.0,339.0,291.0,2.0,-5.478209387494219,8.434681616744529,-1.2218606160453183
364,364,480,640,417.0,286.0,6.0,344.0,287.0,7.0,415.0,286.0,1.0,339.0,291.0,2.0,-4.750572337462859,7.9209924161507,-1.3284680270916691
365,365,480,640,417.0,285.0,6.0,345.0,287.0,7.0,415.0,286.0,1.0,339.0,290.0,1.0,-4.9201073935918265,8.22838608759113,-1.2909900546397093
366,366,480,640,417.0,286.0,6.0,345.0,287.0,7.0,416.0,286.0,1.0,339.0,290.0,1.0,-4.223420308515664,7.765205068210367,-1.4147397833303956
367,367,480,640,419.0,285.0,5.0,347.0,286.0,6.0,416.0,285.0,1.0,342.0,290.0,1.0,-5.487857864760919,9.342314748775992,-1.1683759957141333
368,368,480,640,420.0,285.0,6.0,347.0,285.0,6.0,418.0,285.0,1.0,343.0,289.0,1.0,-4.6058622356761445,8.030896613892741,-1.3523805644134164
369,369,480,640,418.0,285.0,6.0,349.0,285.0,6.0,417.0,285.0,0.0,344.0,289.0,1.0,-4.797716423226837,9.138775517411172,-1.2768396968647269
370,370,480,640,418.0,286.0,6.0,354.0,285.0,6.0,418.0,284.0,0.0,351.0,290.0,2.0,-5.200441360441613,9.281555038621057,-1.2440814105856324
371,371,480,640,419.0,285.0,6.0,348.0,284.0,6.0,419.0,283.0,1.0,343.0,288.0,2.0,-4.342127471205647,8.797314644689635,-1.3222238492736682
372,372,480,640,420.0,284.0,6.0,352.0,284.0,6.0,421.0,283.0,0.0,349.0,289.0,2.0,-5.033180838410642,9.18840638553691,-1.2856501648900076
373,373,480,640,422.0,284.0,6.0,352.0,284.0,6.0,420.0,283.0,1.0,348.0,288.0,1.0,-4.399797738797069,8.775813209835599,-1.3554195381616607
374,374,480,640,421.0,285.0,5.0,347.0,284.0,7.0,422.0,283.0,0.0,343.0,288.0,2.0,-4.696342857662881,8.628365806787933,-1.3393004973111486
375,375,480,640,422.0,285.0,6.0,351.0,285.0,6.0,421.0,284.0,1.0,346.0,288.0,1.0,-5.108984335731226,8.943794740255635,-1.2947819085557475
376,376,480,640,421.0,286.0,6.0,349.0,285.0,7.0,422.0,284.0,1.0,344.0,288.0,2.0,-4.876515816444203,8.691227405685854,-1.3892269532009112
377,377,480,640,422.0,285.0,6.0,356.0,286.0,6.0,420.0,285.0,1.0,352.0,290.0,1.0,-4.755281065480415,8.189004911276578,-1.404651471597486
378,378,480,640,421.0,286.0,6.0,355.0,286.0,6.0,421.0,285.0,1.0,352.0,291.0,2.0,-4.320496070422379,8.260836964470297,-1.4397804287409706
379,379,480,640,422.0,286.0,6.0,348.0,286.0,6.0,421.0,285.0,1.0,344.0,289.0,2.0,-5.030094924142881,8.556162623469888,-1.3690289852554398
380,380,480,640,422.0,286.0,6.0,350.0,286.0,6.0,421.0,285.0,1.0,346.0,289.0,1.0,-4.751332364269258,8.32690685538298,-1.38354893635063
381,381,480,640,424.0,286.0,6.0,348.0,285.0,7.0,422.0,285.0,1.0,343.0,289.0,2.0,-3.6365419106240924,7.577812809056075,-1.4927070826526296
382,382,480,640,424.0,287.0,6.0,351.0,287.0,6.0,422.0,286.0,0.0,347.0,291.0,1.0,-4.488788824398183,7.850170778730494,-1.4733138855813912
383,383,480,640,425.0,288.0,5.0,350.0,287.0,7.0,422.0,286.0,1.0,345.0,291.0,2.0,-3.6200270737902804,6.708835294109634,-1.5242162141648448
384,384,480,640,425.0,289.0,5.0,349.0,289.0,7.0,423.0,288.0,1.0,344.0,292.0,2.0,-3.7345275850821293,7.359010432651864,-1.522479474429676
385,385,480,640,424.0,290.0,6.0,352.0,290.0,7.0,424.0,289.0,1.0,347.0,293.0,2.0,-4.180185748822705,7.204198034840101,-1.4871909672612837
386,386,480,640,427.0,291.0,5.0,353.0,291.0,6.0,424.0,290.0,1.0,348.0,295.0,1.0,-3.49782481934845,6.136436143246339,-1.6250266350660756
387,387,480,640,425.0,294.0,6.0,361.0,295.0,6.0,422.0,293.0,1.0,362.0,300.0,1.0,-2.6707904490135266,5.506309250023366,-1.7706599005069434
388,388,480,640,426.0,294.0,6.0,357.0,295.0,6.0,423.0,294.0,1.0,352.0,300.0,1.0,-3.888570264591574,5.892368679251067,-1.6268823165092172
389,389,480,640,427.0,294.0,5.0,358.0,296.0,6.0,424.0,295.0,1.0,353.0,301.0,1.0,-3.5011090438918178,4.992547621335399,-1.7475985019705578
390,390,480,640,427.0,294.0,5.0,361.0,297.0,6.0,424.0,294.0,0.0,362.0,297.0,6.0,-3.733876657822956,5.716968913480596,-1.6784631691610112
391,391,480,640,428.0,294.0,6.0,360.0,296.0,6.0,425.0,294.0,0.0,358.0,296.0,5.0,-3.20102765354048,5.244787063326534,-1.7993559604436367
392,392,480,640,428.0,295.0,6.0,357.0,295.0,6.0,425.0,293.0,0.0,352.0,300.0,1.0,-3.672923248409285,5.842007989669244,-1.671678250665807
393,393,480,640,428.0,296.0,6.0,352.0,294.0,7.0,425.0,294.0,1.0,347.0,298.0,2.0,-2.3820648018819037,4.646620316250723,-1.8393201423875432
394,394,480,640,430.0,294.0,5.0,359.0,295.0,6.0,427.0,293.0,1.0,356.0,299.0,1.0,-2.9580263763138337,5.558906231798615,-1.8286457900329811
395,395,480,640,431.0,295.0,6.0,359.0,296.0,6.0,428.0,293.0,1.0,355.0,299.0,1.0,-3.3800183113044753,5.796307367090738,-1.7396361220472192
396,396,480,640,432.0,295.0,6.0,359.0,295.0,6.0,429.0,294.0,1.0,355.0,299.0,1.0,-3.2955821532335734,4.933999572938291,-1.7558926996218522
397,397,480,640,433.0,295.0,6.0,361.0,296.0,6.0,430.0,293.0,0.0,356.0,300.0,1.0,-3.7910383091210873,5.803135428017074,-1.6557068161177197
398,398,480,640,434.0,295.0,6.0,,,,430.0,293.0,0.0,,,,-3.865344424520837,5.944510288325526,-1.709149554895831
399,399,480,640,432.0,295.0,6.0,359.0,295.0,7.0,431.0,294.0,2.0,354.0,299.0,2.0,-4.4687439506448,6.2009885538031515,-1.6082532930284104
400,400,480,640,432.0,296.0,6.0,367.0,297.0,6.0,430.0,294.0,1.0,368.0,301.0,1.0,-4.196368842107863,6.636303985582132,-1.7085158191781267
401,401,480,640,432.0,296.0,6.0,357.0,295.0,7.0,430.0,294.0,1.0,352.0,299.0,2.0,-4.07885404534074,6.0601878936708795,-1.6531428971495428
402,402,480,640,432.0,296.0,6.0,361.0,295.0,6.0,430.0,295.0,1.0,357.0,300.0,1.0,-3.5638903217042035,5.786902059539431,-1.7682613584325546
403,403,480,640,432.0,296.0,6.0,363.0,297.0,6.0,431.0,294.0,1.0,359.0,301.0,2.0,-3.525508512415368,6.207631212129525,-1.6814027423386468
404,404,480,640,432.0,296.0,6.0,360.0,295.0,6.0,431.0,294.0,1.0,356.0,300.0,2.0,-4.1060350479390015,6.089765204696499,-1.674409373970325
405,405,480,640,433.0,296.0,6.0,359.0,295.0,7.0,431.0,295.0,1.0,354.0,299.0,2.0,-3.2779349368806185,5.626826016845305,-1.749368068245285
406,406,480,640,433.0,296.0,6.0,359.0,294.0,7.0,431.0,294.0,1.0,354.0,298.0,2.0,-3.8773348790535778,6.19157234212988,-1.718195254417182
407,407,480,640,433.0,296.0,6.0,361.0,296.0,7.0,432.0,295.0,1.0,356.0,299.0,2.0,-4.6346132105032645,6.546778828652332,-1.6251213906803286
408,408,480,640,433.0,297.0,6.0,361.0,296.0,7.0,431.0,295.0,2.0,356.0,299.0,1.0,-3.7400426571291403,5.78322412653601,-1.7271708542156339
409,409,480,640,434.0,296.0,6.0,362.0,296.0,7.0,431.0,295.0,1.0,356.0,300.0,1.0,-4.574917311448528,6.703256201277597,-1.6169387916750209
410,410,480,640,433.0,297.0,5.0,358.0,295.0,7.0,431.0,295.0,2.0,353.0,299.0,2.0,-4.31334715418364,6.627165949051765,-1.6654219239872903
411,411,480,640,434.0,296.0,6.0,362.0,297.0,6.0,431.0,295.0,1.0,357.0,300.0,1.0,-4.861069580940835,6.921344528798239,-1.5853169522351167
412,412,480,640,434.0,297.0,6.0,357.0,295.0,7.0,432.0,295.0,1.0,352.0,299.0,2.0,-3.963275748107745,6.131278416110515,-1.704078669205316
413,413,480,640,433.0,297.0,6.0,358.0,295.0,7.0,431.0,295.0,2.0,353.0,299.0,2.0,-4.171920948230031,6.464118622938972,-1.6623495603492124
414,414,480,640,434.0,297.0,6.0,361.0,296.0,7.0,431.0,295.0,1.0,356.0,300.0,2.0,-3.582533779146978,6.014983709810256,-1.6969683240899827
415,415,480,640,434.0,296.0,5.0,359.0,296.0,7.0,432.0,295.0,1.0,354.0,300.0,2.0,-4.25440722255685,6.9743436443577895,-1.638542212635596
416,416,480,640,432.0,297.0,6.0,358.0,296.0,7.0,433.0,295.0,1.0,353.0,299.0,2.0,-3.05625216533284,5.582581416188543,-1.785445785732193
417,417,480,640,434.0,296.0,6.0,361.0,296.0,7.0,431.0,295.0,1.0,356.0,300.0,2.0,-4.926922849329013,7.327810098168177,-1.5513116128840254
418,418,480,640,434.0,296.0,6.0,360.0,296.0,7.0,430.0,295.0,1.0,355.0,299.0,2.0,-3.5291984567156263,5.866699525088903,-1.6970919613849085
419,419,480,640,433.0,296.0,6.0,358.0,295.0,7.0,431.0,294.0,2.0,353.0,299.0,2.0,-3.676121236389275,6.49798311503091,-1.655566108185065
420,420,480,640,434.0,295.0,6.0,357.0,294.0,7.0,431.0,294.0,1.0,352.0,298.0,2.0,-3.455743831130021,6.486799681344002,-1.6682891755021287
421,421,480,640,433.0,295.0,6.0,363.0,296.0,6.0,430.0,294.0,1.0,359.0,301.0,2.0,-3.037601107192165,6.358619734568488,-1.7159402681993843
422,422,480,640,434.0,295.0,6.0,364.0,296.0,6.0,431.0,293.0,0.0,362.0,301.0,2.0,-3.7434344211882475,6.43070127014613,-1.6402035770977552
423,423,480,640,432.0,295.0,6.0,357.0,295.0,7.0,430.0,293.0,1.0,352.0,298.0,2.0,-4.346764969918813,6.997193304642185,-1.567858910988496
424,424,480,640,434.0,294.0,5.0,362.0,296.0,6.0,430.0,293.0,1.0,359.0,300.0,3.0,-4.253540394064478,6.707094476282891,-1.5518285369928346
425,425,480,640,432.0,294.0,6.0,362.0,296.0,6.0,430.0,293.0,0.0,360.0,300.0,3.0,-4.183557029238445,7.225358535196802,-1.587386388615901
426,426,480,640,433.0,294.0,6.0,359.0,295.0,7.0,430.0,293.0,0.0,354.0,298.0,2.0,-3.622711777369635,6.319953318375769,-1.630025618215631
427,427,480,640,432.0,294.0,6.0,359.0,295.0,7.0,430.0,293.0,0.0,354.0,299.0,2.0,-4.032313166922879,6.682769192184869,-1.6091865522118443
428,428,480,640,431.0,294.0,5.0,357.0,294.0,7.0,428.0,293.0,1.0,352.0,298.0,2.0,-2.9404212250950494,5.9586553130894355,-1.7124037029603012
429,429,480,640,432.0,293.0,5.0,354.0,294.0,7.0,429.0,293.0,1.0,349.0,296.0,2.0,-3.6543552593343462,6.817074990874203,-1.576191752280045
430,430,480,640,430.0,294.0,6.0,356.0,293.0,7.0,428.0,292.0,2.0,351.0,296.0,2.0,-3.507623937250668,6.689572556858723,-1.5775539685899151
431,431,480,640,431.0,293.0,6.0,353.0,292.0,7.0,428.0,292.0,1.0,348.0,296.0,2.0,-4.365952901040475,7.04617513324688,-1.4628803565007509
432,432,480,640,431.0,293.0,6.0,354.0,292.0,7.0,428.0,291.0,1.0,349.0,296.0,2.0,-3.722975992631363,6.363608122472479,-1.579278385904917
433,433,480,640,432.0,292.0,5.0,355.0,293.0,7.0,428.0,291.0,0.0,350.0,297.0,2.0,-3.690988247617939,6.2835374864357165,-1.5871136493765545
434,434,480,640,430.0,293.0,5.0,358.0,293.0,7.0,428.0,292.0,1.0,353.0,297.0,2.0,-4.0044866290712235,6.484494927080246,-1.5318335085861199
435,435,480,640,432.0,293.0,5.0,357.0,293.0,7.0,428.0,291.0,0.0,352.0,297.0,2.0,-3.6935955157732825,6.8313071252263216,-1.5818156512180586
436,436,480,640,429.0,293.0,5.0,364.0,296.0,6.0,427.0,292.0,1.0,366.0,301.0,1.0,-4.048201859622546,7.019741940630579,-1.6148056112458236
437,437,480,640,428.0,294.0,6.0,352.0,295.0,7.0,426.0,295.0,1.0,347.0,299.0,2.0,-3.437808196818694,5.659343443759734,-1.6329899063254696
438,438,480,640,428.0,295.0,6.0,357.0,296.0,6.0,425.0,295.0,1.0,353.0,301.0,1.0,-3.640162293105734,5.8795562808921344,-1.6168825568688778
439,439,480,640,429.0,294.0,5.0,360.0,296.0,6.0,425.0,294.0,1.0,355.0,301.0,1.0,-3.7245140772083216,5.983969731683829,-1.6135489979782336
440,440,480,640,427.0,294.0,6.0,352.0,294.0,6.0,424.0,294.0,1.0,347.0,298.0,1.0,-3.516876356233354,5.9587469333641705,-1.645207578220308
441,441,480,640,430.0,294.0,5.0,355.0,294.0,6.0,427.0,292.0,0.0,350.0,299.0,1.0,-3.1251750952924353,5.9110074706639715,-1.612471159119826
442,442,480,640,428.0,294.0,5.0,354.0,294.0,6.0,425.0,293.0,1.0,349.0,299.0,1.0,-3.666302198332909,6.101508505696766,-1.562065058344716
443,443,480,640,427.0,294.0,5.0,350.0,293.0,7.0,424.0,292.0,1.0,345.0,297.0,2.0,-3.988526468605247,5.84126143857981,-1.5062544124141766
444,444,480,640,429.0,293.0,5.0,348.0,293.0,7.0,425.0,291.0,1.0,343.0,297.0,2.0,-4.616100789550045,6.05383524991256,-1.4795731849865288
445,445,480,640,427.0,293.0,5.0,351.0,293.0,6.0,424.0,292.0,1.0,346.0,297.0,1.0,-4.367710492814588,6.378134046989037,-1.4989175104245125
446,446,480,640,427.0,292.0,5.0,352.0,292.0,6.0,423.0,291.0,0.0,347.0,296.0,1.0,-4.525630414213781,6.703685137408741,-1.4373064728648783
447,447,480,640,426.0,292.0,5.0,352.0,292.0,6.0,423.0,291.0,0.0,347.0,296.0,1.0,-3.710691377145087,6.155580206593132,-1.5705225720044538
448,448,480,640,426.0,292.0,5.0,352.0,292.0,7.0,423.0,291.0,0.0,347.0,296.0,1.0,-4.642832689579697,7.317919830817823,-1.4577169208256149
449,449,480,640,425.0,291.0,6.0,354.0,293.0,6.0,423.0,290.0,1.0,349.0,297.0,1.0,-4.668821728454747,7.4593186752074505,-1.4054235102312034
450,450,480,640,426.0,291.0,6.0,354.0,293.0,6.0,423.0,290.0,0.0,349.0,297.0,1.0,-4.691342591794096,7.387806335861362,-1.3752268849477516
451,451,480,640,425.0,292.0,5.0,353.0,293.0,6.0,422.0,290.0,0.0,348.0,297.0,1.0,-5.056734281914634,8.03334122849603,-1.294434054265668
452,452,480,640,425.0,292.0,6.0,349.0,292.0,7.0,422.0,290.0,1.0,344.0,296.0,2.0,-4.796818513176742,7.743434682823069,-1.3192114526026821
453,453,480,640,424.0,292.0,5.0,350.0,292.0,6.0,421.0,290.0,1.0,346.0,296.0,1.0,-5.024600687064665,7.91942826983824,-1.3235971738248478
454,454,480,640,423.0,290.0,5.0,349.0,291.0,7.0,421.0,290.0,1.0,344.0,295.0,2.0,-5.100604806818169,8.090873558310719,-1.28606437700651
455,455,480,640,423.0,291.0,5.0,347.0,291.0,7.0,421.0,290.0,1.0,342.0,295.0,2.0,-4.097460848847438,6.626496094048798,-1.4244028471576116
456,456,480,640,421.0,291.0,6.0,346.0,291.0,7.0,421.0,289.0,1.0,341.0,294.0,2.0,-4.512074249687752,7.246512043885023,-1.3579700159434769
457,457,480,640,422.0,291.0,6.0,348.0,291.0,7.0,421.0,289.0,0.0,343.0,295.0,2.0,-4.438251482217738,7.230192967752156,-1.3903610581724217
458,458,480,640,422.0,290.0,6.0,348.0,290.0,7.0,420.0,288.0,1.0,342.0,294.0,2.0,-4.846974321755233,7.666871279012476,-1.3069740516772974
459,459,480,640,422.0,290.0,5.0,350.0,290.0,7.0,419.0,288.0,1.0,345.0,294.0,1.0,-5.350156925854201,7.83312744041599,-1.249183383177277
460,460,480,640,422.0,290.0,6.0,350.0,290.0,6.0,419.0,288.0,1.0,346.0,294.0,2.0,-5.499234113865744,8.136733207121605,-1.251110254090703
461,461,480,640,421.0,289.0,5.0,347.0,290.0,6.0,419.0,288.0,1.0,343.0,293.0,1.0,-5.738716941276677,7.952217084340724,-1.232522965418466
462,462,480,640,421.0,289.0,5.0,346.0,290.0,7.0,419.0,288.0,1.0,341.0,293.0,2.0,-5.569195120306669,7.6929333906514445,-1.25717965417077
463,463,480,640,421.0,289.0,5.0,347.0,289.0,7.0,418.0,288.0,1.0,342.0,293.0,2.0,-4.911014665205739,7.296601930416381,-1.3234653411131743
464,464,480,640,419.0,289.0,5.0,351.0,290.0,6.0,420.0,287.0,1.0,347.0,294.0,1.0,-5.938539813551451,8.217345911757114,-1.2096356579181864
465,465,480,640,419.0,288.0,6.0,347.0,289.0,7.0,419.0,287.0,0.0,342.0,293.0,2.0,-5.616951229784833,8.502432901847264,-1.1748352074387152
466,466,480,640,420.0,288.0,5.0,347.0,290.0,7.0,418.0,287.0,1.0,342.0,293.0,2.0,-5.934762229447607,8.498264894773577,-1.188810598967495
467,467,480,640,420.0,288.0,5.0,349.0,290.0,6.0,418.0,287.0,1.0,345.0,294.0,1.0,-5.452688665740238,8.089621902328444,-1.221640864491366
468,468,480,640,420.0,289.0,5.0,348.0,290.0,7.0,418.0,287.0,1.0,343.0,293.0,1.0,-4.7368893401999355,7.2525617659421755,-1.3173292269681869
469,469,480,640,420.0,289.0,5.0,348.0,290.0,6.0,419.0,286.0,1.0,343.0,294.0,1.0,-5.414379069600935,7.6676792658802855,-1.2719662837432015
470,470,480,640,420.0,288.0,5.0,346.0,290.0,6.0,420.0,287.0,0.0,342.0,293.0,2.0,-5.506409589177438,7.69821257682325,-1.239593190729121
471,471,480,640,420.0,288.0,6.0,347.0,290.0,6.0,419.0,287.0,1.0,343.0,293.0,2.0,-5.432663801908871,7.33330566415374,-1.2701778985895478
472,472,480,640,421.0,288.0,5.0,350.0,291.0,6.0,419.0,287.0,1.0,348.0,295.0,2.0,-5.982228284572224,7.651052175403321,-1.233680979971146
473,473,480,640,419.0,288.0,6.0,349.0,291.0,6.0,419.0,287.0,1.0,344.0,294.0,1.0,-5.978117569002758,7.876046755491682,-1.2272526747900623
474,474,480,640,421.0,288.0,5.0,353.0,291.0,6.0,419.0,287.0,1.0,352.0,296.0,3.0,-5.660730038148694,7.587485784663649,-1.2702987891100779
475,475,480,640,420.0,288.0,5.0,350.0,291.0,6.0,418.0,287.0,1.0,346.0,295.0,2.0,-5.350300336417197,8.10990536458415,-1.2595657227855317
476,476,480,640,421.0,287.0,5.0,348.0,290.0,6.0,419.0,287.0,0.0,344.0,294.0,2.0,-5.596066640485366,7.5800884373466415,-1.2491824756792334
477,477,480,640,420.0,287.0,5.0,348.0,290.0,6.0,418.0,287.0,1.0,343.0,294.0,1.0,-5.832066049574926,8.279340546232927,-1.2253759840354013
478,478,480,640,419.0,288.0,5.0,346.0,289.0,7.0,419.0,287.0,1.0,341.0,293.0,2.0,-5.40624979027825,7.605509334657191,-1.2473855843382942
479,479,480,640,419.0,288.0,5.0,346.0,289.0,7.0,418.0,287.0,2.0,340.0,293.0,1.0,-5.366078313381941,7.81835677699706,-1.22080266978838
480,480,480,640,418.0,288.0,6.0,345.0,289.0,6.0,418.0,287.0,1.0,340.0,292.0,1.0,-5.390316271529996,7.465511966438683,-1.248725844913496
481,481,480,640,417.0,288.0,5.0,345.0,289.0,6.0,418.0,287.0,1.0,340.0,292.0,1.0,-5.733629259979735,7.934453832003796,-1.1740723049850201
482,482,480,640,417.0,288.0,5.0,343.0,288.0,6.0,416.0,286.0,1.0,339.0,292.0,2.0,-5.69574649861975,8.045731961809098,-1.120269834377796
483,483,480,640,417.0,287.0,5.0,344.0,289.0,6.0,417.0,286.0,1.0,340.0,292.0,1.0,-5.039698479251145,7.707795253569441,-1.1814716902850162
484,484,480,640,416.0,287.0,5.0,346.0,288.0,6.0,417.0,285.0,1.0,342.0,293.0,1.0,-5.282249829750893,7.586666206383322,-1.183502821137743
485,485,480,640,416.0,286.0,6.0,342.0,287.0,7.0,414.0,285.0,1.0,337.0,291.0,1.0,-4.70615830509663,7.952606761722671,-1.1970542409489464
486,486,480,640,415.0,287.0,6.0,343.0,287.0,6.0,414.0,285.0,1.0,338.0,290.0,1.0,-4.96962738513368,7.701621855620618,-1.168702443339276
487,487,480,640,414.0,286.0,6.0,343.0,286.0,6.0,413.0,284.0,1.0,338.0,290.0,1.0,-5.329471711797055,7.974656792085719,-1.1285791502598423
488,488,480,640,414.0,285.0,6.0,347.0,287.0,6.0,412.0,284.0,1.0,348.0,291.0,4.0,-5.280755359582817,8.04925241978096,-1.1137134752980264
489,489,480,640,413.0,285.0,5.0,343.0,285.0,6.0,413.0,283.0,1.0,338.0,290.0,1.0,-4.772570141348594,7.488881418604107,-1.188967413501449
490,490,480,640,414.0,284.0,5.0,341.0,285.0,6.0,412.0,283.0,1.0,337.0,290.0,1.0,-4.458290052433327,7.247362359300194,-1.1985687472960833
491,491,480,640,412.0,284.0,5.0,344.0,286.0,6.0,413.0,282.0,1.0,343.0,290.0,3.0,-5.3127692383615335,8.039449900613738,-1.124856238005661
492,492,480,640,412.0,284.0,5.0,344.0,286.0,6.0,412.0,282.0,1.0,342.0,290.0,2.0,-5.545109375311661,7.849038077373843,-1.1037497966013459
493,493,480,640,412.0,284.0,5.0,345.0,286.0,6.0,412.0,282.0,1.0,344.0,290.0,2.0,-5.617483984133291,8.05626489887874,-1.0950116238404735
494,494,480,640,411.0,284.0,5.0,341.0,286.0,6.0,412.0,282.0,1.0,337.0,290.0,1.0,-5.412868939793053,7.657813454240698,-1.0848823369141078
495,495,480,640,410.0,283.0,5.0,339.0,285.0,6.0,412.0,282.0,1.0,334.0,289.0,1.0,-5.179608732896666,7.890420462824029,-1.0773709447970057
496,496,480,640,411.0,283.0,5.0,339.0,285.0,6.0,411.0,282.0,1.0,334.0,289.0,1.0,-5.508360010595396,8.143807297982296,-1.0450965934630556
497,497,480,640,410.0,284.0,5.0,339.0,285.0,6.0,411.0,282.0,1.0,334.0,289.0,1.0,-5.150958503158645,8.151914656302587,-1.071331725862991
498,498,480,640,411.0,284.0,6.0,336.0,285.0,7.0,411.0,282.0,2.0,331.0,288.0,1.0,-5.675470506484499,8.566673688182277,-1.0107248104352577
499,499,480,640,411.0,284.0,5.0,338.0,285.0,6.0,411.0,282.0,1.0,333.0,289.0,1.0,-5.323849563911256,8.129928735505944,-1.0699073891702684
500,500,480,640,410.0,284.0,5.0,339.0,285.0,6.0,411.0,283.0,1.0,335.0,289.0,2.0,-6.117101765026775,8.725171430006617,-0.9946512784354217
501,501,480,640,412.0,284.0,5.0,337.0,285.0,6.0,412.0,282.0,1.0,332.0,289.0,1.0,-5.842677272052256,8.846759648365635,-0.99133093502236
502,502,480,640,412.0,283.0,5.0,338.0,286.0,7.0,412.0,282.0,1.0,332.0,289.0,1.0,-5.521514896684379,7.937362866401384,-1.0615918758051925
503,503,480,640,412.0,285.0,5.0,,,,413.0,283.0,1.0,,,,-6.0471819881693145,8.733774511553696,-1.0572437682895246
504,504,480,640,412.0,285.0,5.0,343.0,287.0,6.0,413.0,283.0,1.0,339.0,291.0,1.0,-5.734194461391639,8.383942904196607,-1.0721015629704218
505,505,480,640,412.0,285.0,6.0,345.0,287.0,6.0,413.0,284.0,1.0,340.0,291.0,1.0,-6.135627770208705,8.980608577618918,-1.032246622694426
506,506,480,640,414.0,285.0,5.0,344.0,287.0,6.0,414.0,284.0,1.0,340.0,291.0,1.0,-5.29781002473164,8.238085948025923,-1.12991749110069
507,507,480,640,416.0,285.0,5.0,341.0,287.0,7.0,414.0,284.0,0.0,336.0,290.0,1.0,-5.357692781036474,8.135904468092289,-1.1569252866120712
508,508,480,640,415.0,285.0,6.0,342.0,288.0,6.0,415.0,284.0,0.0,338.0,291.0,1.0,-5.504104011929504,8.43413476544865,-1.121469842809902
509,509,480,640,414.0,286.0,6.0,342.0,288.0,6.0,414.0,285.0,1.0,337.0,291.0,1.0,-5.189205993216334,8.174833620743144,-1.1637832481696309
510,510,480,640,415.0,286.0,5.0,342.0,287.0,6.0,415.0,285.0,1.0,338.0,291.0,1.0,-6.395768346863023,8.654218940975653,-1.0574371132715867
511,511,480,640,415.0,286.0,5.0,343.0,287.0,6.0,416.0,285.0,1.0,338.0,290.0,1.0,-5.301305233338302,8.004067945256482,-1.1602270900066622
512,512,480,640,415.0,286.0,6.0,344.0,287.0,6.0,416.0,285.0,1.0,339.0,291.0,1.0,-5.755995016402528,8.212601809229767,-1.1484226567518696
513,513,480,640,416.0,286.0,5.0,342.0,287.0,7.0,416.0,285.0,1.0,336.0,290.0,1.0,-5.729153072772519,8.377930816619704,-1.1332946070057486
514,514,480,640,417.0,285.0,5.0,342.0,287.0,7.0,416.0,285.0,1.0,336.0,290.0,1.0,-5.585944238245187,7.975021024333304,-1.1617690326235424
515,515,480,640,416.0,286.0,6.0,345.0,287.0,6.0,416.0,285.0,1.0,341.0,291.0,2.0,-5.815412161128279,8.269883130546026,-1.1488585931771422
516,516,480,640,416.0,286.0,6.0,343.0,287.0,6.0,416.0,285.0,2.0,338.0,291.0,1.0,-5.503936708937029,7.913463963110215,-1.166310300651658
517,517,480,640,417.0,285.0,5.0,345.0,287.0,6.0,417.0,285.0,1.0,341.0,292.0,1.0,-5.932941947445889,8.474682806271804,-1.1394377023409321
518,518,480,640,417.0,286.0,5.0,341.0,287.0,7.0,416.0,285.0,1.0,336.0,290.0,2.0,-5.272651699564812,7.541035625317083,-1.1898201749375743
519,519,480,640,417.0,285.0,5.0,341.0,286.0,7.0,416.0,285.0,1.0,336.0,290.0,2.0,-5.486705552224261,7.771491285027572,-1.162035227455289
520,520,480,640,417.0,285.0,6.0,342.0,286.0,6.0,416.0,285.0,1.0,338.0,290.0,2.0,-5.178014982840849,7.599288191818273,-1.1861961349340555
521,521,480,640,417.0,285.0,6.0,340.0,286.0,7.0,415.0,285.0,1.0,335.0,290.0,2.0,-5.45779377162007,8.324268018755035,-1.145314822658713
522,522,480,640,418.0,286.0,5.0,343.0,287.0,6.0,415.0,285.0,0.0,338.0,290.0,1.0,-6.0212581209426155,8.243344511474017,-1.1193844280129608
523,523,480,640,417.0,286.0,5.0,345.0,287.0,6.0,415.0,285.0,1.0,341.0,291.0,1.0,-5.208139830031065,7.870211217595247,-1.1589946264440776
524,524,480,640,417.0,286.0,5.0,346.0,288.0,6.0,416.0,285.0,1.0,341.0,291.0,1.0,-6.010074356758963,8.330503733197938,-1.133742109829867
525,525,480,640,417.0,285.0,5.0,347.0,287.0,6.0,415.0,285.0,1.0,342.0,292.0,1.0,-5.430675043901076,8.51707197198928,-1.1202970717429406
526,526,480,640,416.0,287.0,5.0,345.0,287.0,6.0,415.0,285.0,0.0,340.0,291.0,1.0,-5.451054900048586,7.951652711441421,-1.1469652774778807
527,527,480,640,417.0,285.0,5.0,341.0,287.0,6.0,416.0,285.0,1.0,336.0,290.0,1.0,-4.957957622426619,7.941366262094585,-1.1330044420838996
528,528,480,640,416.0,286.0,5.0,345.0,287.0,6.0,416.0,284.0,1.0,340.0,291.0,1.0,-5.68566558867118,8.40450062839834,-1.0757577362549573
529,529,480,640,417.0,286.0,6.0,344.0,287.0,6.0,414.0,284.0,1.0,340.0,291.0,2.0,-5.4090278837704595,8.469244121177967,-1.1067710747816417
530,530,480,640,417.0,286.0,5.0,341.0,287.0,6.0,415.0,285.0,1.0,336.0,290.0,1.0,-5.222214881075306,7.801413436159953,-1.1512903208086094
531,531,480,640,416.0,286.0,6.0,346.0,287.0,6.0,414.0,285.0,1.0,341.0,291.0,1.0,-5.117883340271217,7.928462098154852,-1.1938716227989243
532,532,480,640,415.0,286.0,6.0,345.0,288.0,6.0,413.0,285.0,1.0,340.0,292.0,1.0,-5.146531218488262,8.127091691922779,-1.1525531948304142
533,533,480,640,415.0,286.0,5.0,348.0,290.0,6.0,412.0,286.0,1.0,348.0,294.0,2.0,-5.836160889964867,8.20375700754228,-1.1407372178460702
534,534,480,640,413.0,286.0,5.0,342.0,288.0,6.0,411.0,286.0,1.0,337.0,293.0,1.0,-4.973256536709919,7.394089863762709,-1.2057665442995744
535,535,480,640,413.0,287.0,5.0,344.0,288.0,6.0,412.0,286.0,1.0,340.0,293.0,1.0,-6.182663199637892,8.752616924953637,-1.1098477136601266
536,536,480,640,412.0,286.0,6.0,346.0,289.0,6.0,412.0,286.0,1.0,343.0,293.0,2.0,-6.0330509267251555,8.437366502442265,-1.1029120294201566
537,537,480,640,412.0,286.0,5.0,343.0,287.0,6.0,411.0,285.0,1.0,338.0,292.0,1.0,-6.320329176541477,8.59160679445696,-1.0655587262708086
538,538,480,640,412.0,285.0,6.0,346.0,287.0,6.0,412.0,284.0,1.0,347.0,281.0,2.0,-5.905337929962777,8.16178824594135,-1.113245532083871
539,539,480,640,412.0,284.0,5.0,341.0,285.0,6.0,412.0,284.0,2.0,337.0,289.0,6.0,-5.668936931250479,7.8163494231391475,-1.1303401301401879
540,540,480,640,412.0,284.0,6.0,341.0,284.0,6.0,410.0,283.0,1.0,343.0,281.0,5.0,-5.286956825503168,8.148357762732655,-1.1187778932739931
541,541,480,640,411.0,281.0,5.0,338.0,282.0,7.0,410.0,280.0,1.0,333.0,286.0,2.0,-5.4826254371435725,9.014763650123124,-1.0530716267136573
542,542,480,640,411.0,281.0,5.0,344.0,283.0,6.0,410.0,280.0,1.0,343.0,288.0,3.0,-4.718750171874965,8.480804126953101,-1.1213824013948004
543,543,480,640,410.0,279.0,5.0,336.0,279.0,6.0,408.0,278.0,1.0,331.0,283.0,1.0,-5.087058888884413,8.814841497573212,-1.0728002270325547
544,544,480,640,410.0,275.0,6.0,332.0,275.0,8.0,406.0,275.0,1.0,326.0,278.0,1.0,-5.171007129814629,8.684512370886644,-1.0111033737141444
545,545,480,640,409.0,268.0,5.0,329.0,267.0,7.0,406.0,270.0,1.0,324.0,271.0,1.0,-4.2771753165392274,8.469853764768994,-1.0390068017832248
546,546,480,640,404.0,258.0,7.0,322.0,257.0,7.0,400.0,260.0,2.0,316.0,262.0,2.0,-5.9037002868203095,8.853431374321131,-0.821688306622629
547,547,480,640,401.0,255.0,7.0,317.0,246.0,7.0,397.0,249.0,2.0,313.0,248.0,2.0,-5.350538786372845,9.612858251512385,-0.6515674254328735
548,548,480,640,397.0,246.0,7.0,312.0,239.0,8.0,393.0,241.0,2.0,311.0,239.0,2.0,-4.11199411940392,9.824606760686072,-0.5849924785091838
549,549,480,640,391.0,237.0,8.0,308.0,232.0,9.0,389.0,235.0,2.0,306.0,231.0,2.0,-4.098818538779035,9.34132890554207,-0.4298868933527868
550,550,480,640,385.0,230.0,8.0,303.0,227.0,9.0,385.0,229.0,2.0,302.0,224.0,2.0,-4.316897444645106,8.809378976467508,-0.2853652892209192
551,551,480,640,382.0,226.0,8.0,299.0,222.0,9.0,381.0,224.0,2.0,297.0,219.0,2.0,-3.867766775403762,8.125556953254044,-0.25507849439549385
552,552,480,640,378.0,223.0,8.0,295.0,218.0,9.0,377.0,221.0,2.0,294.0,215.0,2.0,-3.0135152198225668,7.930841714046541,-0.2771431444056991
553,553,480,640,375.0,220.0,8.0,292.0,216.0,9.0,374.0,218.0,2.0,291.0,213.0,2.0,-2.6762161965964855,7.598741877394745,-0.24418449049513277
554,554,480,640,373.0,218.0,8.0,289.0,213.0,8.0,372.0,216.0,2.0,288.0,211.0,2.0,-2.4319518532633806,7.137130495978491,-0.247911077974081
555,555,480,640,371.0,215.0,8.0,286.0,211.0,8.0,369.0,214.0,2.0,286.0,209.0,3.0,-1.850130927941425,6.780158028658465,-0.2482640702590671
556,556,480,640,368.0,213.0,8.0,284.0,209.0,9.0,366.0,211.0,2.0,282.0,207.0,3.0,-1.7148881403109206,6.175834382381999,-0.22922846503613872
557,557,480,640,365.0,211.0,8.0,280.0,207.0,8.0,362.0,209.0,2.0,279.0,205.0,2.0,-1.5815010639585794,5.498710415859293,-0.24274318383991073
558,558,480,640,362.0,208.0,8.0,277.0,204.0,8.0,360.0,206.0,2.0,276.0,202.0,2.0,-1.3503370469839788,4.939661187322712,-0.24254988214844153
559,559,480,640,357.0,205.0,8.0,274.0,202.0,8.0,356.0,204.0,2.0,272.0,200.0,2.0,-0.661850865570244,4.6044048460544005,-0.2603141527299204
560,560,480,640,353.0,202.0,8.0,271.0,199.0,8.0,353.0,201.0,2.0,269.0,198.0,2.0,0.186885855125538,3.8618035029158175,-0.2701415565172025
561,561,480,640,351.0,199.0,8.0,269.0,196.0,8.0,350.0,198.0,2.0,268.0,195.0,2.0,1.014075883104389,3.1156538136918837,-0.3019161877730532
562,562,480,640,349.0,196.0,8.0,267.0,194.0,8.0,348.0,195.0,2.0,266.0,193.0,2.0,1.7687944322601656,2.5646851468493024,-0.31995061580170103
563,563,480,640,348.0,194.0,8.0,265.0,191.0,8.0,346.0,192.0,2.0,264.0,191.0,2.0,2.3067108747407428,2.051263140852182,-0.3217620871675002
564,564,480,640,345.0,191.0,8.0,264.0,189.0,8.0,345.0,190.0,2.0,263.0,189.0,2.0,2.2328237444013688,1.3798616616867119,-0.31556964153671707
565,565,480,640,343.0,189.0,8.0,262.0,188.0,8.0,343.0,187.0,2.0,261.0,187.0,2.0,2.6799580521661768,0.8593408177921023,-0.3139519391363141
566,566,480,640,342.0,187.0,8.0,261.0,186.0,8.0,341.0,185.0,2.0,260.0,185.0,2.0,2.9377157195041255,0.5588008527873741,-0.32215790971073865
567,567,480,640,340.0,185.0,8.0,260.0,184.0,8.0,340.0,183.0,2.0,259.0,183.0,2.0,2.9726067466327604,0.349544338429419,-0.3128643954514314
568,568,480,640,339.0,183.0,8.0,259.0,183.0,8.0,338.0,182.0,2.0,259.0,182.0,2.0,3.705393070158899,-0.06603846380418218,-0.31562741292885016
569,569,480,640,338.0,182.0,8.0,259.0,182.0,8.0,338.0,181.0,2.0,257.0,181.0,2.0,4.060369488253925,-0.06932348437801147,-0.3121226830998043
570,570,480,640,338.0,182.0,8.0,258.0,182.0,8.0,337.0,180.0,2.0,257.0,181.0,2.0,4.354958565522368,-0.3245733544129538,-0.3113053198105035
571,571,480,640,337.0,182.0,8.0,257.0,182.0,8.0,337.0,181.0,2.0,256.0,182.0,2.0,4.611014041245136,-0.3234854530617307,-0.3201563472645505
572,572,480,640,335.0,182.0,8.0,256.0,183.0,8.0,335.0,181.0,2.0,255.0,182.0,2.0,4.641405715400767,-0.32240735950303223,-0.29727527216427035
573,573,480,640,334.0,183.0,8.0,255.0,184.0,8.0,334.0,181.0,2.0,253.0,183.0,2.0,4.878167121050854,-0.568233824812266,-0.30353236563146485
574,574,480,640,332.0,183.0,8.0,253.0,184.0,8.0,332.0,182.0,2.0,252.0,184.0,2.0,4.86602526917188,-0.671043389558726,-0.30483813566164825
